WAPE,MAE,RMSE,model,SKU,Category,Intermittency_Class
9.396471680594242,10.541666666666666,13.483593425591957,ma4,SKU029,Lighting,Smooth
9.74029815428301,17.151041666666668,21.558181934785996,ma4,SKU007,Home Decor,Smooth
10.01907293954456,18.057291666666668,22.237355957937087,ma4,SKU049,Lighting,Smooth
10.276198212835093,18.447916666666668,23.840070434739353,ma4,SKU018,Kitchen,Smooth
10.460080341451167,17.359375,20.576964264277017,ma4,SKU042,Home Decor,Smooth
10.594565301540605,14.255208333333334,17.747358958447872,ma4,SKU031,Furniture,Smooth
10.792393026941363,10.640625,13.701619429833833,ma4,SKU020,Storage,Smooth
10.950587441677442,20.291666666666668,25.040488047693213,ma4,SKU012,Home Decor,Smooth
10.992822966507177,19.145833333333332,23.98295835935731,ma4,SKU027,Home Decor,Smooth
11.047557840616967,17.90625,21.72412253694036,ma4,SKU043,Kitchen,Smooth
11.344794781190542,17.390625,22.76304571009776,ma4,SKU035,Storage,Smooth
11.811819595645412,7.911458333333333,9.80566375451793,ma4,SKU046,Furniture,Smooth
11.878314820374262,12.364583333333334,15.97328498879718,ma4,SKU001,Furniture,Smooth
12.035755478662052,21.739583333333332,27.586889247128486,ma4,SKU037,Home Decor,Smooth
12.496576905522593,14.260416666666666,17.85007002787384,ma4,SKU019,Lighting,Smooth
12.540377201208711,12.536458333333334,15.630332423421667,ma4,SKU013,Kitchen,Smooth
12.566844919786096,14.932291666666666,17.985816170897927,ma4,SKU005,Storage,Smooth
12.620932277924362,19.432291666666668,23.922182871413163,ma4,SKU014,Lighting,Smooth
12.669957161482584,14.171875,17.278810481820404,ma4,SKU040,Storage,Smooth
12.698854597518295,16.630208333333332,20.175015489461217,ma4,SKU033,Kitchen,Smooth
12.729071668244,15.411458333333334,19.402131540975937,ma4,SKU010,Storage,Smooth
12.76595744680851,5.125,6.656763477847174,ma4,SKU028,Kitchen,Smooth
12.77870680044593,9.552083333333334,12.080674994938542,ma4,SKU002,Home Decor,Smooth
12.820080862533692,7.927083333333333,9.855465911530176,ma4,SKU021,Furniture,Smooth
12.860530701192156,20.901041666666668,25.188352963224887,ma4,SKU026,Furniture,Smooth
13.039185115892318,13.067708333333334,16.570713372292296,ma4,SKU016,Furniture,Smooth
13.12338299580694,15.322916666666666,18.891549036540123,ma4,SKU008,Kitchen,Smooth
13.354780787071673,9.296875,11.40175425099138,ma4,SKU044,Lighting,Smooth
13.540753724802803,14.484375,17.712401493492255,ma4,SKU023,Kitchen,Smooth
13.553471408102125,10.838541666666666,12.669065014172645,ma4,SKU041,Furniture,Smooth
13.577608672990724,13.567708333333334,17.226584349003527,ma4,SKU017,Home Decor,Smooth
13.593346716375107,24.6875,30.151872523388437,ma4,SKU045,Storage,Smooth
14.034270813931832,7.848958333333333,10.029903206578483,ma4,SKU038,Kitchen,Smooth
14.108271108558299,20.46875,25.21811105138527,ma4,SKU034,Lighting,Smooth
14.131073667711599,15.026041666666666,19.011098732056492,ma4,SKU047,Home Decor,Smooth
14.458407321404179,11.026041666666666,13.463105449090612,ma4,SKU009,Lighting,Smooth
14.851872554499721,13.838541666666666,17.69165881613894,ma4,SKU024,Lighting,Smooth
15.11704222270838,7.197916666666667,8.882919002219934,ma4,SKU006,Furniture,Smooth
15.484165651644336,5.296875,6.675124842777599,ma4,SKU030,Storage,Smooth
15.608190178726359,9.369791666666666,11.60706501805402,ma4,SKU048,Kitchen,Smooth
15.725168894638495,11.395833333333334,13.67327076208664,ma4,SKU022,Home Decor,Smooth
15.745173745173746,10.619791666666666,13.299436078270386,ma4,SKU032,Home Decor,Smooth
16.97564521992003,4.864583333333333,5.865684103325033,ma4,SKU015,Storage,Smooth
17.0425667090216,5.588541666666667,6.992555565266059,ma4,SKU004,Lighting,Smooth
18.284170231929746,8.458333333333334,10.557382882766605,ma4,SKU050,Storage,Smooth
18.479068615308396,7.770833333333333,9.89317946870469,ma4,SKU003,Kitchen,Smooth
18.771069567882318,6.380208333333333,7.603795653049425,ma4,SKU036,Furniture,Smooth
21.98198198198198,5.083333333333333,6.401904013650939,ma4,SKU039,Lighting,Smooth
22.45011086474501,4.21875,5.091864426055876,ma4,SKU025,Storage,Smooth
23.29608938547486,4.34375,5.276717729801359,ma4,SKU011,Furniture,Smooth
10.831755797444393,19.072916666666668,23.029928444671004,ma8,SKU007,Home Decor,Smooth
10.923862581244197,12.255208333333334,15.210330919038766,ma8,SKU029,Lighting,Smooth
11.432608190756367,15.3828125,18.872619883047506,ma8,SKU031,Furniture,Smooth
11.592590451970871,20.893229166666668,25.182252348297467,ma8,SKU049,Lighting,Smooth
12.112684228849947,21.744791666666668,27.136662239487006,ma8,SKU018,Kitchen,Smooth
12.242656289229224,20.317708333333332,23.983609854787638,ma8,SKU042,Home Decor,Smooth
12.245813397129186,21.328125,27.156903281363533,ma8,SKU027,Home Decor,Smooth
12.354544943504413,22.893229166666668,27.458799629323444,ma8,SKU012,Home Decor,Smooth
12.441679626749611,8.333333333333334,10.365143410328034,ma8,SKU046,Furniture,Smooth
12.508033419023137,20.2734375,24.24514019173052,ma8,SKU043,Kitchen,Smooth
12.646592709984153,12.46875,15.534487841573664,ma8,SKU020,Storage,Smooth
12.683001665643904,15.0703125,18.815095335926415,ma8,SKU005,Storage,Smooth
12.712513935340022,9.502604166666666,12.506248438280762,ma8,SKU002,Home Decor,Smooth
12.7479815455594,23.026041666666668,29.092435299690308,ma8,SKU037,Home Decor,Smooth
12.83474002292383,12.830729166666666,15.876681341409691,ma8,SKU013,Kitchen,Smooth
12.965636058856397,14.502604166666666,17.893747453137554,ma8,SKU040,Storage,Smooth
13.117298037425835,14.96875,18.266580652930095,ma8,SKU019,Lighting,Smooth
13.176134819244359,20.197916666666668,25.73819005064912,ma8,SKU035,Storage,Smooth
13.226517903476905,5.309895833333333,6.732616504747615,ma8,SKU028,Kitchen,Smooth
13.30593329274068,20.486979166666668,25.022281737150458,ma8,SKU014,Lighting,Smooth
13.516961873311317,14.0703125,17.65423107926256,ma8,SKU001,Furniture,Smooth
13.78028457890014,22.395833333333332,26.976093776094913,ma8,SKU026,Furniture,Smooth
13.830336401961626,16.744791666666668,20.711246441647752,ma8,SKU010,Storage,Smooth
13.84226853324849,18.127604166666668,21.738323014896988,ma8,SKU033,Kitchen,Smooth
13.959639498432603,14.84375,19.126225450935163,ma8,SKU047,Home Decor,Smooth
14.198071866783524,15.1875,18.307557637944683,ma8,SKU023,Kitchen,Smooth
14.30256064690027,8.84375,10.726051327647715,ma8,SKU021,Furniture,Smooth
14.414755999643145,16.830729166666668,21.093078693021557,ma8,SKU008,Kitchen,Smooth
14.502437625466017,26.338541666666668,31.722326358313214,ma8,SKU045,Storage,Smooth
14.663236669784846,14.6953125,18.23069041250678,ma8,SKU016,Furniture,Smooth
14.91258024859992,11.372395833333334,13.882364787143915,ma8,SKU009,Lighting,Smooth
15.039847788627226,21.8203125,26.676275937931564,ma8,SKU034,Lighting,Smooth
15.06773479223655,12.049479166666666,13.705420156517153,ma8,SKU041,Furniture,Smooth
15.333682477929072,10.674479166666666,12.675230109679799,ma8,SKU044,Lighting,Smooth
15.344522047326176,15.333333333333334,18.6155596880674,ma8,SKU017,Home Decor,Smooth
15.362362971985382,5.255208333333333,6.412979189373168,ma8,SKU030,Storage,Smooth
15.542202347680266,14.481770833333334,18.174429725120216,ma8,SKU024,Lighting,Smooth
15.68262246228348,8.770833333333334,10.92999742680665,ma8,SKU038,Kitchen,Smooth
15.860861955808355,7.552083333333333,9.249436919798596,ma8,SKU006,Furniture,Smooth
16.7277562167601,12.122395833333334,14.189564827717586,ma8,SKU022,Home Decor,Smooth
16.731736942564638,10.044270833333334,12.186057606953941,ma8,SKU048,Kitchen,Smooth
16.79150579150579,11.325520833333334,14.23592140795015,ma8,SKU032,Home Decor,Smooth
17.67789072426938,5.796875,7.064988499636783,ma8,SKU004,Lighting,Smooth
17.711741185023627,5.075520833333333,6.095379055754723,ma8,SKU015,Storage,Smooth
17.94030220460738,7.544270833333333,9.671020930249988,ma8,SKU003,Kitchen,Smooth
18.112166717744408,6.15625,7.41294967719778,ma8,SKU036,Furniture,Smooth
18.678225624859266,8.640625,10.849227123010499,ma8,SKU050,Storage,Smooth
20.856430155210642,3.9192708333333335,4.845261860828576,ma8,SKU025,Storage,Smooth
21.955307262569832,4.09375,4.837462316821359,ma8,SKU011,Furniture,Smooth
21.95945945945946,5.078125,6.349930281769504,ma8,SKU039,Lighting,Smooth
8.345855970408046,15.041666666666666,18.713297411199342,naive,SKU049,Lighting,Smooth
9.82940698619009,17.645833333333332,22.56795294217001,naive,SKU018,Kitchen,Smooth
9.951965360936338,15.322916666666666,19.31779188554772,naive,SKU014,Lighting,Smooth
10.412634512657739,14.010416666666666,18.2679706043118,naive,SKU031,Furniture,Smooth
10.466507177033494,18.229166666666668,23.39916309044692,naive,SKU027,Home Decor,Smooth
10.565546616185518,18.604166666666668,22.847319317591726,naive,SKU007,Home Decor,Smooth
10.791619181204522,12.822916666666666,15.841335697051138,naive,SKU005,Storage,Smooth
10.833542555862415,17.979166666666668,21.33658829335187,naive,SKU042,Home Decor,Smooth
10.874035989717223,17.625,21.837944805620637,naive,SKU043,Kitchen,Smooth
11.072223989818644,14.5,18.006943105369107,naive,SKU033,Kitchen,Smooth
11.402042711234913,12.791666666666666,15.595138131268135,naive,SKU029,Lighting,Smooth
11.949286846275752,11.78125,14.982281201472626,naive,SKU020,Storage,Smooth
11.986952976352269,18.375,24.748316441056485,naive,SKU035,Storage,Smooth
11.994784876140809,13.416666666666666,16.684573713463585,naive,SKU040,Storage,Smooth
12.629757785467127,22.8125,27.52196092819938,naive,SKU037,Home Decor,Smooth
12.638847193035124,13.15625,16.271460188522315,naive,SKU001,Furniture,Smooth
12.912474000787002,23.927083333333332,29.815229609490963,naive,SKU012,Home Decor,Smooth
13.024124066628376,18.895833333333332,24.24484481286692,naive,SKU034,Lighting,Smooth
13.13093685975042,7.34375,9.278671779947818,naive,SKU038,Kitchen,Smooth
13.203435456992693,21.458333333333332,26.166932058102137,naive,SKU026,Furniture,Smooth
13.232004588471465,24.03125,30.992102488644854,naive,SKU045,Storage,Smooth
13.241239892183287,8.1875,10.458250331675945,naive,SKU021,Furniture,Smooth
13.327024004129742,16.135416666666668,19.194454494289054,naive,SKU010,Storage,Smooth
13.327081379597791,13.322916666666666,16.163552105483085,naive,SKU013,Kitchen,Smooth
13.457729594495987,13.447916666666666,16.58846235590669,naive,SKU017,Home Decor,Smooth
13.7519460300986,5.520833333333333,7.01486516857832,naive,SKU028,Kitchen,Smooth
14.027993779160186,9.395833333333334,11.55692433132622,naive,SKU046,Furniture,Smooth
14.159176761755896,11.322916666666666,15.121383865241963,naive,SKU041,Furniture,Smooth
14.675707021143724,17.135416666666668,21.665304444356803,naive,SKU008,Kitchen,Smooth
14.707410872050723,14.739583333333334,18.795777451331986,naive,SKU016,Furniture,Smooth
14.772616613107411,15.802083333333334,18.92556692237602,naive,SKU023,Kitchen,Smooth
15.394071848108181,11.739583333333334,13.952672981666751,naive,SKU009,Lighting,Smooth
15.454130534002738,17.635416666666668,21.995975010593796,naive,SKU019,Lighting,Smooth
16.07795371498173,5.5,6.861729616746301,naive,SKU030,Storage,Smooth
16.257007330746013,11.78125,14.469436178833416,naive,SKU022,Home Decor,Smooth
16.288429290106205,15.177083333333334,19.516819669198156,naive,SKU024,Lighting,Smooth
16.387959866220736,12.25,14.641550464346322,naive,SKU002,Home Decor,Smooth
16.438087774294672,17.479166666666668,21.982000212294906,naive,SKU047,Home Decor,Smooth
16.952975880617736,10.177083333333334,12.677489893508099,naive,SKU048,Kitchen,Smooth
17.28265748915158,12.03125,14.536950046920662,naive,SKU044,Lighting,Smooth
17.71117166212534,7.447916666666667,9.770811122931402,naive,SKU003,Kitchen,Smooth
17.721233956316144,8.197916666666666,10.319379018784673,naive,SKU050,Storage,Smooth
17.83783783783784,12.03125,15.371442677901122,naive,SKU032,Home Decor,Smooth
18.748632684314153,8.927083333333334,11.138802299469484,naive,SKU006,Furniture,Smooth
18.938567793529625,5.427083333333333,6.619887964812294,naive,SKU015,Storage,Smooth
20.380018387986514,6.927083333333333,8.179624074491443,naive,SKU036,Furniture,Smooth
21.156289707750954,6.9375,8.418729120241368,naive,SKU004,Lighting,Smooth
24.774774774774773,5.729166666666667,7.005949852327901,naive,SKU039,Lighting,Smooth
25.388026607538805,4.770833333333333,5.8273779123490295,naive,SKU025,Storage,Smooth
30.27932960893855,5.645833333333333,6.829775496554285,naive,SKU011,Furniture,Smooth
6.120679690209224,11.03125,16.402172112253915,seasonal_naive,SKU049,Lighting,Smooth
6.928165254729024,12.4375,18.76721432001386,seasonal_naive,SKU018,Kitchen,Smooth
7.564428889595927,9.90625,15.663452684513718,seasonal_naive,SKU033,Kitchen,Smooth
8.062283737024222,14.5625,21.01239713439029,seasonal_naive,SKU037,Home Decor,Smooth
8.410745669093648,13.958333333333334,21.471880836728456,seasonal_naive,SKU042,Home Decor,Smooth
8.554617945343345,11.510416666666666,16.697367556993328,seasonal_naive,SKU031,Furniture,Smooth
8.58395637753668,15.90625,23.2210841693492,seasonal_naive,SKU012,Home Decor,Smooth
8.589682915286323,15.125,21.80978373727412,seasonal_naive,SKU007,Home Decor,Smooth
8.804627249357326,14.270833333333334,20.120470504770342,seasonal_naive,SKU043,Kitchen,Smooth
9.052161558757865,13.9375,20.57759704144291,seasonal_naive,SKU014,Lighting,Smooth
9.120813397129186,15.885416666666666,24.68826475608739,seasonal_naive,SKU027,Home Decor,Smooth
9.332136905524932,15.166666666666666,23.15887159024233,seasonal_naive,SKU026,Furniture,Smooth
9.423573272153714,17.114583333333332,24.063933939958083,seasonal_naive,SKU045,Storage,Smooth
9.527045392769775,14.604166666666666,19.805828266783827,seasonal_naive,SKU035,Storage,Smooth
9.93667349599553,11.114583333333334,16.004231211359908,seasonal_naive,SKU040,Storage,Smooth
10.16042780748663,12.072916666666666,16.596623652618828,seasonal_naive,SKU005,Storage,Smooth
10.266457680250783,10.916666666666666,14.490657910069737,seasonal_naive,SKU047,Home Decor,Smooth
10.482822655524606,11.760416666666666,16.151947766961936,seasonal_naive,SKU029,Lighting,Smooth
11.518062643850696,11.989583333333334,17.359855510151384,seasonal_naive,SKU001,Furniture,Smooth
11.623505119160285,14.072916666666666,18.4128012534758,seasonal_naive,SKU010,Storage,Smooth
11.651351592470336,13.604166666666666,17.893201688537093,seasonal_naive,SKU008,Kitchen,Smooth
11.757387247278382,7.875,11.417274922969431,seasonal_naive,SKU046,Furniture,Smooth
11.776322627585492,11.802083333333334,15.560701033908037,seasonal_naive,SKU016,Furniture,Smooth
11.872554499720515,11.0625,14.459714151162649,seasonal_naive,SKU024,Lighting,Smooth
11.95663504638799,11.947916666666666,16.100918710847942,seasonal_naive,SKU017,Home Decor,Smooth
11.958321160775148,12.791666666666666,16.494317203206684,seasonal_naive,SKU023,Kitchen,Smooth
12.24436628891494,9.791666666666666,13.768169813014364,seasonal_naive,SKU041,Furniture,Smooth
12.378868396373868,12.375,16.192204914711276,seasonal_naive,SKU013,Kitchen,Smooth
12.464101091326823,18.083333333333332,23.724108694181396,seasonal_naive,SKU034,Lighting,Smooth
12.569602921040621,14.34375,18.282790177286035,seasonal_naive,SKU019,Lighting,Smooth
12.832929782082324,7.177083333333333,9.584601365384652,seasonal_naive,SKU038,Kitchen,Smooth
14.086531550955872,10.208333333333334,12.552390210633192,seasonal_naive,SKU022,Home Decor,Smooth
14.178390930200793,10.8125,14.923415605461551,seasonal_naive,SKU009,Lighting,Smooth
14.27502618584468,9.9375,12.59794956861367,seasonal_naive,SKU044,Lighting,Smooth
14.56946645536186,14.364583333333334,18.470415534037127,seasonal_naive,SKU020,Storage,Smooth
15.077493261455526,9.322916666666666,11.883549553900131,seasonal_naive,SKU021,Furniture,Smooth
15.705128205128204,11.739583333333334,14.563438810940223,seasonal_naive,SKU002,Home Decor,Smooth
15.85979524553184,9.520833333333334,12.935738607954837,seasonal_naive,SKU048,Kitchen,Smooth
16.355212355212355,11.03125,14.104151280149166,seasonal_naive,SKU032,Home Decor,Smooth
17.20462850182704,5.885416666666667,7.216156640945834,seasonal_naive,SKU030,Storage,Smooth
17.48823383700768,7.354166666666667,9.192388155425117,seasonal_naive,SKU003,Kitchen,Smooth
17.631164152217966,8.15625,11.47687893113803,seasonal_naive,SKU050,Storage,Smooth
17.66630316248637,5.0625,6.547900426854397,seasonal_naive,SKU015,Storage,Smooth
18.507985123605337,8.8125,11.440061188647551,seasonal_naive,SKU006,Furniture,Smooth
19.51219512195122,7.833333333333333,10.026007846263303,seasonal_naive,SKU028,Kitchen,Smooth
21.601016518424395,7.083333333333333,8.940777371123833,seasonal_naive,SKU004,Lighting,Smooth
24.234234234234233,5.604166666666667,7.203876271378718,seasonal_naive,SKU039,Lighting,Smooth
24.501108647450113,4.604166666666667,5.744562646538029,seasonal_naive,SKU025,Storage,Smooth
24.76248850750843,8.416666666666666,10.52576204683854,seasonal_naive,SKU036,Furniture,Smooth
29.553072625698324,5.510416666666667,6.936467640905804,seasonal_naive,SKU011,Furniture,Smooth
9.660760839598417,17.010989711726214,21.47730828800588,ses,SKU007,Home Decor,Smooth
10.148895708423705,11.385792372887844,14.361801679514224,ses,SKU029,Lighting,Smooth
10.278041054169753,18.52402774158803,22.59678210144605,ses,SKU049,Lighting,Smooth
10.781060670944624,14.506141738186637,17.998217393991478,ses,SKU031,Furniture,Smooth
10.820223823360093,19.424555976227904,24.5449980161825,ses,SKU018,Kitchen,Smooth
11.198274653623358,19.503661688394015,24.650062412051494,ses,SKU027,Home Decor,Smooth
11.324016206361346,18.354342934477348,22.17805522485201,ses,SKU043,Kitchen,Smooth
11.375449205302887,21.07894436595136,25.69185855560958,ses,SKU012,Home Decor,Smooth
11.534776288546881,19.142922482200927,22.493111110292023,ses,SKU042,Home Decor,Smooth
11.563345688960409,11.400736140209403,14.49433603984085,ses,SKU020,Storage,Smooth
11.711215130507597,7.844074300954567,9.742296039180612,ses,SKU046,Furniture,Smooth
11.76320140953607,13.977379008185203,17.341886473248568,ses,SKU005,Storage,Smooth
11.882840249749263,18.21540386617814,23.693217351036992,ses,SKU035,Storage,Smooth
11.961268181359365,21.605040652580353,27.31382228863158,ses,SKU037,Home Decor,Smooth
12.027291701323032,4.828456480926975,6.1533037598723395,ses,SKU028,Kitchen,Smooth
12.31500077318989,18.961252752970807,23.435143263389378,ses,SKU014,Lighting,Smooth
12.365231090956957,12.871432738743009,16.229414008745124,ses,SKU001,Furniture,Smooth
12.381857579641707,16.215074322005787,19.47418016136146,ses,SKU033,Kitchen,Smooth
12.431440524337532,13.905084203160044,17.1755715116962,ses,SKU040,Storage,Smooth
12.46385624693984,12.459961291862674,15.473911078386095,ses,SKU013,Kitchen,Smooth
12.516531475347131,14.283187740877898,17.757371857738594,ses,SKU019,Lighting,Smooth
12.578594805523805,15.229271606729498,19.037755867901556,ses,SKU010,Storage,Smooth
12.657620036559516,9.461570977328238,12.073346017569648,ses,SKU002,Home Decor,Smooth
12.851314292665508,20.886063082725755,25.162652496948926,ses,SKU026,Furniture,Smooth
12.932101704634597,13.751134812594787,17.91076859193406,ses,SKU047,Home Decor,Smooth
12.938372511927607,8.00022700320857,9.905773522363422,ses,SKU021,Furniture,Smooth
13.280292598074562,24.118948067440623,29.808576439125517,ses,SKU045,Storage,Smooth
13.394614187391102,13.423914905926019,16.6755933224537,ses,SKU016,Furniture,Smooth
13.413754088229126,14.348525076252594,17.48066045378664,ses,SKU023,Kitchen,Smooth
13.567782139251097,15.84179895821516,19.49025434800949,ses,SKU008,Kitchen,Smooth
13.631299597010438,10.900779896484286,12.841318515154612,ses,SKU041,Furniture,Smooth
13.72880553173822,9.55725076756318,11.816249999716453,ses,SKU044,Lighting,Smooth
13.993162308228563,20.30174631552161,24.958823255371378,ses,SKU034,Lighting,Smooth
14.01019605265376,13.9999802846987,17.35592996982279,ses,SKU017,Home Decor,Smooth
14.029625786688838,7.846360505076288,9.992010250580385,ses,SKU038,Kitchen,Smooth
14.22253007119052,10.846160692831853,13.18052020459725,ses,SKU009,Lighting,Smooth
14.84218577909935,13.829515811879551,17.463294792755637,ses,SKU024,Lighting,Smooth
15.173565067325558,5.190623716780952,6.345137494237304,ses,SKU030,Storage,Smooth
15.475822002590277,7.368748163941684,9.065956938216162,ses,SKU006,Furniture,Smooth
15.502796952770204,9.306522795709864,11.33624299724492,ses,SKU048,Kitchen,Smooth
15.648079675452959,11.339967739804814,13.457016348537987,ses,SKU022,Home Decor,Smooth
16.013797716550133,10.800972939027304,13.681521205769776,ses,SKU032,Home Decor,Smooth
17.388131995763136,4.982786575035873,5.953905488471402,ses,SKU015,Storage,Smooth
17.39446801794779,7.314736186297419,9.481361156957059,ses,SKU003,Kitchen,Smooth
17.423179955022057,5.713351093584316,7.030098845701937,ses,SKU004,Lighting,Smooth
17.70518456920556,8.190492153316862,10.298118316028367,ses,SKU050,Storage,Smooth
17.825562670996007,6.058834478693747,7.246587274416536,ses,SKU036,Furniture,Smooth
21.51244200501923,4.974752213660697,6.078119805989325,ses,SKU039,Lighting,Smooth
21.78645984661587,4.094038912843232,4.988009580525668,ses,SKU025,Storage,Smooth
22.87793202201216,4.265781074937684,5.134057961664181,ses,SKU011,Furniture,Smooth
