model,horizon,trial_id,parameters,validation_micro_wape,validation_macro_wape,validation_mae,validation_rmse,training_duration_sec,seed
LightGBM,1,1,"{""objective"": ""regression"", ""learning_rate"": 0.05, ""num_leaves"": 31, ""min_child_samples"": 20, ""subsample"": 0.8, ""colsample_bytree"": 0.8, ""reg_alpha"": 0.0, ""reg_lambda"": 0.0}",9.075022480969716,11.115287685401618,10.282000470938687,13.129269696772,0.3319750999980897,42
LightGBM,1,2,"{""objective"": ""regression_l1"", ""learning_rate"": 0.05, ""num_leaves"": 31, ""min_child_samples"": 20, ""subsample"": 0.8, ""colsample_bytree"": 0.8, ""reg_alpha"": 0.0, ""reg_lambda"": 0.0}",9.260040701775369,11.407229886687787,10.491626115111492,13.347098443009562,0.3263342999998713,42
LightGBM,1,3,"{""objective"": ""regression_l1"", ""learning_rate"": 0.03, ""num_leaves"": 31, ""min_child_samples"": 25, ""subsample"": 0.8, ""colsample_bytree"": 0.8, ""reg_alpha"": 0.5, ""reg_lambda"": 0.5}",9.883598306350528,13.92778242491216,11.198116881095148,14.203753486248647,0.2600775999999314,42
LightGBM,1,4,"{""objective"": ""regression_l1"", ""learning_rate"": 0.04, ""num_leaves"": 20, ""min_child_samples"": 25, ""subsample"": 0.75, ""colsample_bytree"": 0.75, ""reg_alpha"": 0.5, ""reg_lambda"": 1.0}",9.348210410443606,12.153094411166299,10.591522395032607,13.378281634905578,0.23600699999951757,42
LightGBM,1,5,"{""objective"": ""regression"", ""learning_rate"": 0.04, ""num_leaves"": 20, ""min_child_samples"": 25, ""subsample"": 0.75, ""colsample_bytree"": 0.75, ""reg_alpha"": 0.5, ""reg_lambda"": 1.0}",9.0139977055365,11.472068204298132,10.212859400372855,12.914422063204942,0.2902042000023357,42
LightGBM,1,6,"{""objective"": ""regression_l1"", ""learning_rate"": 0.03, ""num_leaves"": 15, ""min_child_samples"": 30, ""subsample"": 0.7, ""colsample_bytree"": 0.7, ""reg_alpha"": 1.0, ""reg_lambda"": 1.0}",9.943380441064479,14.09198547588002,11.265850039726054,14.35683114851348,0.20995050000055926,42
LightGBM,1,7,"{""objective"": ""regression"", ""learning_rate"": 0.03, ""num_leaves"": 15, ""min_child_samples"": 30, ""subsample"": 0.7, ""colsample_bytree"": 0.7, ""reg_alpha"": 1.0, ""reg_lambda"": 1.0}",9.143062490144205,12.692816278408195,10.359089801333385,13.041814459033555,0.21582309999939753,42
LightGBM,1,8,"{""objective"": ""regression_l1"", ""learning_rate"": 0.03, ""num_leaves"": 10, ""min_child_samples"": 35, ""subsample"": 0.7, ""colsample_bytree"": 0.65, ""reg_alpha"": 1.5, ""reg_lambda"": 2.0}",9.975363240905315,14.207527819343365,11.302086551945722,14.384345756827686,0.18513910000183387,42
LightGBM,1,9,"{""objective"": ""regression_l1"", ""learning_rate"": 0.02, ""num_leaves"": 7, ""min_child_samples"": 40, ""subsample"": 0.7, ""colsample_bytree"": 0.6, ""reg_alpha"": 2.0, ""reg_lambda"": 2.0}",12.910941047913518,20.382282619960677,14.628096207286017,19.00202138280134,0.1395940000002156,42
LightGBM,1,10,"{""objective"": ""regression"", ""learning_rate"": 0.02, ""num_leaves"": 7, ""min_child_samples"": 40, ""subsample"": 0.7, ""colsample_bytree"": 0.6, ""reg_alpha"": 2.0, ""reg_lambda"": 2.0}",11.021125003859769,17.85632007659072,12.486934629373117,15.704744058195356,0.14069029999882332,42
LightGBM,1,11,"{""objective"": ""regression_l1"", ""learning_rate"": 0.02, ""num_leaves"": 15, ""min_child_samples"": 30, ""subsample"": 0.8, ""colsample_bytree"": 0.7, ""reg_alpha"": 1.0, ""reg_lambda"": 1.0}",12.672232827600412,20.201913845488324,14.35763979367127,18.35123900295748,0.19098870000016177,42
LightGBM,1,12,"{""objective"": ""regression_l1"", ""learning_rate"": 0.06, ""num_leaves"": 25, ""min_child_samples"": 20, ""subsample"": 0.85, ""colsample_bytree"": 0.85, ""reg_alpha"": 0.2, ""reg_lambda"": 0.2}",9.30075935125884,11.425248737327038,10.537760344976267,13.254187589635398,0.3218210999984876,42
LightGBM,2,1,"{""objective"": ""regression"", ""learning_rate"": 0.05, ""num_leaves"": 31, ""min_child_samples"": 20, ""subsample"": 0.8, ""colsample_bytree"": 0.8, ""reg_alpha"": 0.0, ""reg_lambda"": 0.0}",9.381539579140995,10.925106443925936,10.776574514559261,14.282241813441575,0.32020659999761847,42
LightGBM,2,2,"{""objective"": ""regression_l1"", ""learning_rate"": 0.05, ""num_leaves"": 31, ""min_child_samples"": 20, ""subsample"": 0.8, ""colsample_bytree"": 0.8, ""reg_alpha"": 0.0, ""reg_lambda"": 0.0}",9.639739335903426,11.061845425702138,11.073168575152268,14.914591167500177,0.34425950000149896,42
LightGBM,2,3,"{""objective"": ""regression_l1"", ""learning_rate"": 0.03, ""num_leaves"": 31, ""min_child_samples"": 25, ""subsample"": 0.8, ""colsample_bytree"": 0.8, ""reg_alpha"": 0.5, ""reg_lambda"": 0.5}",9.650380031149773,11.788688739885075,11.085391541781744,15.059279281621125,0.23214440000083414,42
LightGBM,2,4,"{""objective"": ""regression_l1"", ""learning_rate"": 0.04, ""num_leaves"": 20, ""min_child_samples"": 25, ""subsample"": 0.75, ""colsample_bytree"": 0.75, ""reg_alpha"": 0.5, ""reg_lambda"": 1.0}",9.52843937232372,11.082940642870266,10.94531830698826,14.85636540834576,0.22183489999952144,42
LightGBM,2,5,"{""objective"": ""regression"", ""learning_rate"": 0.04, ""num_leaves"": 20, ""min_child_samples"": 25, ""subsample"": 0.75, ""colsample_bytree"": 0.75, ""reg_alpha"": 0.5, ""reg_lambda"": 1.0}",9.288191106799767,10.828720999657037,10.669345124380893,14.028360229540723,0.24412540000048466,42
LightGBM,2,6,"{""objective"": ""regression_l1"", ""learning_rate"": 0.03, ""num_leaves"": 15, ""min_child_samples"": 30, ""subsample"": 0.7, ""colsample_bytree"": 0.7, ""reg_alpha"": 1.0, ""reg_lambda"": 1.0}",9.781419327012156,12.001930115887644,11.235916380938864,15.350488688889373,0.19405299999925774,42
LightGBM,2,7,"{""objective"": ""regression"", ""learning_rate"": 0.03, ""num_leaves"": 15, ""min_child_samples"": 30, ""subsample"": 0.7, ""colsample_bytree"": 0.7, ""reg_alpha"": 1.0, ""reg_lambda"": 1.0}",9.301564717523123,11.212168492617423,10.68470739101881,14.192652165675014,0.20990010000241455,42
LightGBM,2,8,"{""objective"": ""regression_l1"", ""learning_rate"": 0.03, ""num_leaves"": 10, ""min_child_samples"": 35, ""subsample"": 0.7, ""colsample_bytree"": 0.65, ""reg_alpha"": 1.5, ""reg_lambda"": 2.0}",10.032882849996309,12.368624083005805,11.52477252979076,15.65641796997326,0.15371550000054413,42
LightGBM,2,9,"{""objective"": ""regression_l1"", ""learning_rate"": 0.02, ""num_leaves"": 7, ""min_child_samples"": 40, ""subsample"": 0.7, ""colsample_bytree"": 0.6, ""reg_alpha"": 2.0, ""reg_lambda"": 2.0}",12.585247436431626,17.378682202779526,14.456673730229008,19.2268510911694,0.13955519999944954,42
LightGBM,2,10,"{""objective"": ""regression"", ""learning_rate"": 0.02, ""num_leaves"": 7, ""min_child_samples"": 40, ""subsample"": 0.7, ""colsample_bytree"": 0.6, ""reg_alpha"": 2.0, ""reg_lambda"": 2.0}",10.686215080469443,15.252500821011704,12.27525526293525,15.906951143754652,0.1375676999996358,42
LightGBM,2,11,"{""objective"": ""regression_l1"", ""learning_rate"": 0.02, ""num_leaves"": 15, ""min_child_samples"": 30, ""subsample"": 0.8, ""colsample_bytree"": 0.7, ""reg_alpha"": 1.0, ""reg_lambda"": 1.0}",12.194263328746816,17.00377849745491,14.007550285731467,18.586270107337327,0.17120449999856646,42
LightGBM,2,12,"{""objective"": ""regression_l1"", ""learning_rate"": 0.06, ""num_leaves"": 25, ""min_child_samples"": 20, ""subsample"": 0.85, ""colsample_bytree"": 0.85, ""reg_alpha"": 0.2, ""reg_lambda"": 0.2}",9.489732522945678,11.120110119969096,10.9008557491077,14.463408155752964,0.3666604999998526,42
LightGBM,3,1,"{""objective"": ""regression"", ""learning_rate"": 0.05, ""num_leaves"": 31, ""min_child_samples"": 20, ""subsample"": 0.8, ""colsample_bytree"": 0.8, ""reg_alpha"": 0.0, ""reg_lambda"": 0.0}",10.67622535429328,12.093485663725527,12.13566536022517,15.732106778238252,0.3024478999977873,42
LightGBM,3,2,"{""objective"": ""regression_l1"", ""learning_rate"": 0.05, ""num_leaves"": 31, ""min_child_samples"": 20, ""subsample"": 0.8, ""colsample_bytree"": 0.8, ""reg_alpha"": 0.0, ""reg_lambda"": 0.0}",10.639621043782629,12.30668045977315,12.094057240467714,15.615387154615158,0.2742059000011068,42
LightGBM,3,3,"{""objective"": ""regression_l1"", ""learning_rate"": 0.03, ""num_leaves"": 31, ""min_child_samples"": 25, ""subsample"": 0.8, ""colsample_bytree"": 0.8, ""reg_alpha"": 0.5, ""reg_lambda"": 0.5}",11.30478427529933,14.493007455057777,12.850148285732748,16.214576073306684,0.21654680000210647,42
LightGBM,3,4,"{""objective"": ""regression_l1"", ""learning_rate"": 0.04, ""num_leaves"": 20, ""min_child_samples"": 25, ""subsample"": 0.75, ""colsample_bytree"": 0.75, ""reg_alpha"": 0.5, ""reg_lambda"": 1.0}",10.604988945451334,12.546657306654343,12.05469093429453,15.573587114369992,0.2187288000022818,42
LightGBM,3,5,"{""objective"": ""regression"", ""learning_rate"": 0.04, ""num_leaves"": 20, ""min_child_samples"": 25, ""subsample"": 0.75, ""colsample_bytree"": 0.75, ""reg_alpha"": 0.5, ""reg_lambda"": 1.0}",10.690326527709985,12.262036276457831,12.15169416404794,15.57346152912527,0.2380931999978202,42
LightGBM,3,6,"{""objective"": ""regression_l1"", ""learning_rate"": 0.03, ""num_leaves"": 15, ""min_child_samples"": 30, ""subsample"": 0.7, ""colsample_bytree"": 0.7, ""reg_alpha"": 1.0, ""reg_lambda"": 1.0}",11.342764005574972,14.69090236854569,12.893319845137071,16.28568671981747,0.17242089999854215,42
LightGBM,3,7,"{""objective"": ""regression"", ""learning_rate"": 0.03, ""num_leaves"": 15, ""min_child_samples"": 30, ""subsample"": 0.7, ""colsample_bytree"": 0.7, ""reg_alpha"": 1.0, ""reg_lambda"": 1.0}",10.865275165026894,13.358070130913008,12.35055828008607,15.581410556703021,0.18969519999882323,42
LightGBM,3,8,"{""objective"": ""regression_l1"", ""learning_rate"": 0.03, ""num_leaves"": 10, ""min_child_samples"": 35, ""subsample"": 0.7, ""colsample_bytree"": 0.65, ""reg_alpha"": 1.5, ""reg_lambda"": 2.0}",11.702143391961656,15.254667182958908,13.301826393642814,16.541328825146753,0.14803960000062943,42
LightGBM,3,9,"{""objective"": ""regression_l1"", ""learning_rate"": 0.02, ""num_leaves"": 7, ""min_child_samples"": 40, ""subsample"": 0.7, ""colsample_bytree"": 0.6, ""reg_alpha"": 2.0, ""reg_lambda"": 2.0}",14.015419572518075,20.162391236693406,15.931327428081296,20.158166149327954,0.13417399999889312,42
LightGBM,3,10,"{""objective"": ""regression"", ""learning_rate"": 0.02, ""num_leaves"": 7, ""min_child_samples"": 40, ""subsample"": 0.7, ""colsample_bytree"": 0.6, ""reg_alpha"": 2.0, ""reg_lambda"": 2.0}",12.73004521933753,18.527742924254984,14.470242400820972,17.467757171514087,0.13022780000028433,42
LightGBM,3,11,"{""objective"": ""regression_l1"", ""learning_rate"": 0.02, ""num_leaves"": 15, ""min_child_samples"": 30, ""subsample"": 0.8, ""colsample_bytree"": 0.7, ""reg_alpha"": 1.0, ""reg_lambda"": 1.0}",13.393842887466114,19.579443670972505,15.224781210182732,19.231148809790984,0.16046270000151708,42
LightGBM,3,12,"{""objective"": ""regression_l1"", ""learning_rate"": 0.06, ""num_leaves"": 25, ""min_child_samples"": 20, ""subsample"": 0.85, ""colsample_bytree"": 0.85, ""reg_alpha"": 0.2, ""reg_lambda"": 0.2}",10.616068383191962,12.264834531894023,12.067284931174305,15.660786553865625,0.26908470000125817,42
LightGBM,4,1,"{""objective"": ""regression"", ""learning_rate"": 0.05, ""num_leaves"": 31, ""min_child_samples"": 20, ""subsample"": 0.8, ""colsample_bytree"": 0.8, ""reg_alpha"": 0.0, ""reg_lambda"": 0.0}",11.436462836330806,13.29468990301916,12.796830090712355,16.52436847762971,0.2832089999974414,42
LightGBM,4,2,"{""objective"": ""regression_l1"", ""learning_rate"": 0.05, ""num_leaves"": 31, ""min_child_samples"": 20, ""subsample"": 0.8, ""colsample_bytree"": 0.8, ""reg_alpha"": 0.0, ""reg_lambda"": 0.0}",10.690207179838621,12.65475398179208,11.961807323880425,15.585293546821328,0.3103473000010126,42
LightGBM,4,3,"{""objective"": ""regression_l1"", ""learning_rate"": 0.03, ""num_leaves"": 31, ""min_child_samples"": 25, ""subsample"": 0.8, ""colsample_bytree"": 0.8, ""reg_alpha"": 0.5, ""reg_lambda"": 0.5}",11.063422147778278,14.83940345561907,12.379416212256503,15.365236326459991,0.24241479999909643,42
LightGBM,4,4,"{""objective"": ""regression_l1"", ""learning_rate"": 0.04, ""num_leaves"": 20, ""min_child_samples"": 25, ""subsample"": 0.75, ""colsample_bytree"": 0.75, ""reg_alpha"": 0.5, ""reg_lambda"": 1.0}",10.985627780393887,13.407899465701869,12.29236820487174,15.51753471165188,0.20553750000181026,42
LightGBM,4,5,"{""objective"": ""regression"", ""learning_rate"": 0.04, ""num_leaves"": 20, ""min_child_samples"": 25, ""subsample"": 0.75, ""colsample_bytree"": 0.75, ""reg_alpha"": 0.5, ""reg_lambda"": 1.0}",11.476894312918596,13.557548747575986,12.842070891440262,16.40410987796819,0.21383900000000722,42
LightGBM,4,6,"{""objective"": ""regression_l1"", ""learning_rate"": 0.03, ""num_leaves"": 15, ""min_child_samples"": 30, ""subsample"": 0.7, ""colsample_bytree"": 0.7, ""reg_alpha"": 1.0, ""reg_lambda"": 1.0}",11.424863814723013,15.479183346783143,12.783851365484315,15.861745893610557,0.17231429999810643,42
LightGBM,4,7,"{""objective"": ""regression"", ""learning_rate"": 0.03, ""num_leaves"": 15, ""min_child_samples"": 30, ""subsample"": 0.7, ""colsample_bytree"": 0.7, ""reg_alpha"": 1.0, ""reg_lambda"": 1.0}",11.589786828160054,14.58604495455112,12.968391971369693,16.17631953917825,0.18632050000087474,42
LightGBM,4,8,"{""objective"": ""regression_l1"", ""learning_rate"": 0.03, ""num_leaves"": 10, ""min_child_samples"": 35, ""subsample"": 0.7, ""colsample_bytree"": 0.65, ""reg_alpha"": 1.5, ""reg_lambda"": 2.0}",11.6622929511273,15.756879580381126,13.049522697663893,16.07732880840981,0.14531309999802033,42
LightGBM,4,9,"{""objective"": ""regression_l1"", ""learning_rate"": 0.02, ""num_leaves"": 7, ""min_child_samples"": 40, ""subsample"": 0.7, ""colsample_bytree"": 0.6, ""reg_alpha"": 2.0, ""reg_lambda"": 2.0}",13.374013581172258,20.58852428714551,14.964852496652698,18.41579048524609,0.13042959999802406,42
LightGBM,4,10,"{""objective"": ""regression"", ""learning_rate"": 0.02, ""num_leaves"": 7, ""min_child_samples"": 40, ""subsample"": 0.7, ""colsample_bytree"": 0.6, ""reg_alpha"": 2.0, ""reg_lambda"": 2.0}",12.748964213222152,19.732052471855624,14.26545350638493,16.820758919740015,0.14443670000036946,42
LightGBM,4,11,"{""objective"": ""regression_l1"", ""learning_rate"": 0.02, ""num_leaves"": 15, ""min_child_samples"": 30, ""subsample"": 0.8, ""colsample_bytree"": 0.7, ""reg_alpha"": 1.0, ""reg_lambda"": 1.0}",12.923121653477867,20.081916370557497,14.460326974159061,17.689593017955065,0.18260409999857075,42
LightGBM,4,12,"{""objective"": ""regression_l1"", ""learning_rate"": 0.06, ""num_leaves"": 25, ""min_child_samples"": 20, ""subsample"": 0.85, ""colsample_bytree"": 0.85, ""reg_alpha"": 0.2, ""reg_lambda"": 0.2}",10.853844866120188,12.643049950216751,12.144909712945184,15.763036772153397,0.2756664999978966,42
LightGBM,5,1,"{""objective"": ""regression"", ""learning_rate"": 0.05, ""num_leaves"": 31, ""min_child_samples"": 20, ""subsample"": 0.8, ""colsample_bytree"": 0.8, ""reg_alpha"": 0.0, ""reg_lambda"": 0.0}",11.877784496725997,13.889074156460373,13.301930857883445,17.489200932301205,0.2903377000002365,42
LightGBM,5,2,"{""objective"": ""regression_l1"", ""learning_rate"": 0.05, ""num_leaves"": 31, ""min_child_samples"": 20, ""subsample"": 0.8, ""colsample_bytree"": 0.8, ""reg_alpha"": 0.0, ""reg_lambda"": 0.0}",11.685632823537917,13.852146549880711,13.086740199080113,17.068990639464715,0.2815050999997766,42
LightGBM,5,3,"{""objective"": ""regression_l1"", ""learning_rate"": 0.03, ""num_leaves"": 31, ""min_child_samples"": 25, ""subsample"": 0.8, ""colsample_bytree"": 0.8, ""reg_alpha"": 0.5, ""reg_lambda"": 0.5}",12.068515033953606,15.621197141166508,13.515529986524644,16.957788726058713,0.2314050999993924,42
LightGBM,5,4,"{""objective"": ""regression_l1"", ""learning_rate"": 0.04, ""num_leaves"": 20, ""min_child_samples"": 25, ""subsample"": 0.75, ""colsample_bytree"": 0.75, ""reg_alpha"": 0.5, ""reg_lambda"": 1.0}",11.83844642302017,14.389490429035122,13.257876149140289,17.02461833394444,0.22636559999955352,42
LightGBM,5,5,"{""objective"": ""regression"", ""learning_rate"": 0.04, ""num_leaves"": 20, ""min_child_samples"": 25, ""subsample"": 0.75, ""colsample_bytree"": 0.75, ""reg_alpha"": 0.5, ""reg_lambda"": 1.0}",11.511458183347575,13.799922781044383,12.891682019530949,16.58151991216142,0.22815410000112024,42
LightGBM,5,6,"{""objective"": ""regression_l1"", ""learning_rate"": 0.03, ""num_leaves"": 15, ""min_child_samples"": 30, ""subsample"": 0.7, ""colsample_bytree"": 0.7, ""reg_alpha"": 1.0, ""reg_lambda"": 1.0}",11.706486515404178,15.55664080724926,13.11009424860114,16.52622515818229,0.18933429999742657,42
LightGBM,5,7,"{""objective"": ""regression"", ""learning_rate"": 0.03, ""num_leaves"": 15, ""min_child_samples"": 30, ""subsample"": 0.7, ""colsample_bytree"": 0.7, ""reg_alpha"": 1.0, ""reg_lambda"": 1.0}",11.690041715554338,14.93555891789217,13.091677717249304,16.47868826973479,0.2329688999998325,42
LightGBM,5,8,"{""objective"": ""regression_l1"", ""learning_rate"": 0.03, ""num_leaves"": 10, ""min_child_samples"": 35, ""subsample"": 0.7, ""colsample_bytree"": 0.65, ""reg_alpha"": 1.5, ""reg_lambda"": 2.0}",12.568674341490299,16.377995463479873,14.075658395034987,17.583223801336096,0.16469800000049872,42
LightGBM,5,9,"{""objective"": ""regression_l1"", ""learning_rate"": 0.02, ""num_leaves"": 7, ""min_child_samples"": 40, ""subsample"": 0.7, ""colsample_bytree"": 0.6, ""reg_alpha"": 2.0, ""reg_lambda"": 2.0}",14.045937208990248,20.893644862156524,15.730045080348177,19.224247748670567,0.13671479999902658,42
LightGBM,5,10,"{""objective"": ""regression"", ""learning_rate"": 0.02, ""num_leaves"": 7, ""min_child_samples"": 40, ""subsample"": 0.7, ""colsample_bytree"": 0.6, ""reg_alpha"": 2.0, ""reg_lambda"": 2.0}",12.758091785799058,19.593656739891877,14.287786990916366,17.331857596160877,0.14573699999891687,42
LightGBM,5,11,"{""objective"": ""regression_l1"", ""learning_rate"": 0.02, ""num_leaves"": 15, ""min_child_samples"": 30, ""subsample"": 0.8, ""colsample_bytree"": 0.7, ""reg_alpha"": 1.0, ""reg_lambda"": 1.0}",13.499005992527918,20.3255195666684,15.117536811032014,18.527150136375152,0.16139470000052825,42
LightGBM,5,12,"{""objective"": ""regression_l1"", ""learning_rate"": 0.06, ""num_leaves"": 25, ""min_child_samples"": 20, ""subsample"": 0.85, ""colsample_bytree"": 0.85, ""reg_alpha"": 0.2, ""reg_lambda"": 0.2}",11.83086233885982,13.974847841457663,13.249382733289112,16.94761249670202,0.2730712000011408,42
LightGBM,6,1,"{""objective"": ""regression"", ""learning_rate"": 0.05, ""num_leaves"": 31, ""min_child_samples"": 20, ""subsample"": 0.8, ""colsample_bytree"": 0.8, ""reg_alpha"": 0.0, ""reg_lambda"": 0.0}",14.673357217409084,16.754815394678797,16.44516510141123,21.519089564481668,0.24932730000000447,42
LightGBM,6,2,"{""objective"": ""regression_l1"", ""learning_rate"": 0.05, ""num_leaves"": 31, ""min_child_samples"": 20, ""subsample"": 0.8, ""colsample_bytree"": 0.8, ""reg_alpha"": 0.0, ""reg_lambda"": 0.0}",13.931582443440268,16.506943377442276,15.613821023485679,20.187302426417457,0.24697930000183987,42
LightGBM,6,3,"{""objective"": ""regression_l1"", ""learning_rate"": 0.03, ""num_leaves"": 31, ""min_child_samples"": 25, ""subsample"": 0.8, ""colsample_bytree"": 0.8, ""reg_alpha"": 0.5, ""reg_lambda"": 0.5}",13.788099358986482,18.29803983590697,15.4530123565841,19.260066341718158,0.18626829999993788,42
LightGBM,6,4,"{""objective"": ""regression_l1"", ""learning_rate"": 0.04, ""num_leaves"": 20, ""min_child_samples"": 25, ""subsample"": 0.75, ""colsample_bytree"": 0.75, ""reg_alpha"": 0.5, ""reg_lambda"": 1.0}",14.110620614211832,17.208641318282574,15.814478053377911,20.117284537561968,0.19040879999738536,42
LightGBM,6,5,"{""objective"": ""regression"", ""learning_rate"": 0.04, ""num_leaves"": 20, ""min_child_samples"": 25, ""subsample"": 0.75, ""colsample_bytree"": 0.75, ""reg_alpha"": 0.5, ""reg_lambda"": 1.0}",13.997487319628926,16.39841491268871,15.687683913474121,20.558645782544097,0.20079439999972237,42
LightGBM,6,6,"{""objective"": ""regression_l1"", ""learning_rate"": 0.03, ""num_leaves"": 15, ""min_child_samples"": 30, ""subsample"": 0.7, ""colsample_bytree"": 0.7, ""reg_alpha"": 1.0, ""reg_lambda"": 1.0}",13.890767518401942,18.566698331683252,15.568077696248977,19.270520064476287,0.15951399999903515,42
LightGBM,6,7,"{""objective"": ""regression"", ""learning_rate"": 0.03, ""num_leaves"": 15, ""min_child_samples"": 30, ""subsample"": 0.7, ""colsample_bytree"": 0.7, ""reg_alpha"": 1.0, ""reg_lambda"": 1.0}",13.83329000276014,17.49976962679354,15.503659770593426,19.602801980960535,0.18193439999959082,42
LightGBM,6,8,"{""objective"": ""regression_l1"", ""learning_rate"": 0.03, ""num_leaves"": 10, ""min_child_samples"": 35, ""subsample"": 0.7, ""colsample_bytree"": 0.65, ""reg_alpha"": 1.5, ""reg_lambda"": 2.0}",14.010710581436769,18.692634664163023,15.702503884145258,19.522206705807978,0.15011109999977634,42
LightGBM,6,9,"{""objective"": ""regression_l1"", ""learning_rate"": 0.02, ""num_leaves"": 7, ""min_child_samples"": 40, ""subsample"": 0.7, ""colsample_bytree"": 0.6, ""reg_alpha"": 2.0, ""reg_lambda"": 2.0}",15.443714568725945,23.60858563604017,17.308543102899602,20.819310239231207,0.11936929999865242,42
LightGBM,6,10,"{""objective"": ""regression"", ""learning_rate"": 0.02, ""num_leaves"": 7, ""min_child_samples"": 40, ""subsample"": 0.7, ""colsample_bytree"": 0.6, ""reg_alpha"": 2.0, ""reg_lambda"": 2.0}",14.964340005979318,22.539981510177096,16.771284061701323,19.74276847289994,0.12794280000161962,42
LightGBM,6,11,"{""objective"": ""regression_l1"", ""learning_rate"": 0.02, ""num_leaves"": 15, ""min_child_samples"": 30, ""subsample"": 0.8, ""colsample_bytree"": 0.7, ""reg_alpha"": 1.0, ""reg_lambda"": 1.0}",15.151536720376765,23.309913165715603,16.981084779362263,20.319177290524305,0.14027980000173557,42
LightGBM,6,12,"{""objective"": ""regression_l1"", ""learning_rate"": 0.06, ""num_leaves"": 25, ""min_child_samples"": 20, ""subsample"": 0.85, ""colsample_bytree"": 0.85, ""reg_alpha"": 0.2, ""reg_lambda"": 0.2}",13.897010906047507,16.355718368749635,15.575074972952743,20.193564666625132,0.23752990000139107,42
LightGBM,7,1,"{""objective"": ""regression"", ""learning_rate"": 0.05, ""num_leaves"": 31, ""min_child_samples"": 20, ""subsample"": 0.8, ""colsample_bytree"": 0.8, ""reg_alpha"": 0.0, ""reg_lambda"": 0.0}",18.48700650372202,21.43903985886167,19.812524870038892,24.225477970678376,0.2716850999968301,42
LightGBM,7,2,"{""objective"": ""regression_l1"", ""learning_rate"": 0.05, ""num_leaves"": 31, ""min_child_samples"": 20, ""subsample"": 0.8, ""colsample_bytree"": 0.8, ""reg_alpha"": 0.0, ""reg_lambda"": 0.0}",17.911977763240543,21.14123881751165,19.19626656886489,23.56810785159268,0.2230731999989075,42
LightGBM,7,3,"{""objective"": ""regression_l1"", ""learning_rate"": 0.03, ""num_leaves"": 31, ""min_child_samples"": 25, ""subsample"": 0.8, ""colsample_bytree"": 0.8, ""reg_alpha"": 0.5, ""reg_lambda"": 0.5}",18.34616993327686,23.650060574596534,19.661590317492813,23.78661045040484,0.17480470000009518,42
LightGBM,7,4,"{""objective"": ""regression_l1"", ""learning_rate"": 0.04, ""num_leaves"": 20, ""min_child_samples"": 25, ""subsample"": 0.75, ""colsample_bytree"": 0.75, ""reg_alpha"": 0.5, ""reg_lambda"": 1.0}",18.470555128772663,22.023378090299207,19.79489393150566,24.28244043169988,0.191616600000998,42
LightGBM,7,5,"{""objective"": ""regression"", ""learning_rate"": 0.04, ""num_leaves"": 20, ""min_child_samples"": 25, ""subsample"": 0.75, ""colsample_bytree"": 0.75, ""reg_alpha"": 0.5, ""reg_lambda"": 1.0}",18.864180563994225,22.21041939687961,20.21674231043261,24.45861770024536,0.26381380000020727,42
LightGBM,7,6,"{""objective"": ""regression_l1"", ""learning_rate"": 0.03, ""num_leaves"": 15, ""min_child_samples"": 30, ""subsample"": 0.7, ""colsample_bytree"": 0.7, ""reg_alpha"": 1.0, ""reg_lambda"": 1.0}",18.59664257224461,23.752752257989208,19.93002184467455,24.04431176618953,0.16272940000271774,42
LightGBM,7,7,"{""objective"": ""regression"", ""learning_rate"": 0.03, ""num_leaves"": 15, ""min_child_samples"": 30, ""subsample"": 0.7, ""colsample_bytree"": 0.7, ""reg_alpha"": 1.0, ""reg_lambda"": 1.0}",18.873219954933358,23.373115808789475,20.226429825702084,24.091870729415334,0.161271900000429,42
LightGBM,7,8,"{""objective"": ""regression_l1"", ""learning_rate"": 0.03, ""num_leaves"": 10, ""min_child_samples"": 35, ""subsample"": 0.7, ""colsample_bytree"": 0.65, ""reg_alpha"": 1.5, ""reg_lambda"": 2.0}",19.101245197267342,24.45328696866948,20.47080447791141,24.835330531080448,0.14327760000014678,42
LightGBM,7,9,"{""objective"": ""regression_l1"", ""learning_rate"": 0.02, ""num_leaves"": 7, ""min_child_samples"": 40, ""subsample"": 0.7, ""colsample_bytree"": 0.6, ""reg_alpha"": 2.0, ""reg_lambda"": 2.0}",19.786924122437952,28.541334939791433,21.20564658201675,24.832128662138064,0.11785419999796432,42
LightGBM,7,10,"{""objective"": ""regression"", ""learning_rate"": 0.02, ""num_leaves"": 7, ""min_child_samples"": 40, ""subsample"": 0.7, ""colsample_bytree"": 0.6, ""reg_alpha"": 2.0, ""reg_lambda"": 2.0}",19.449337968074968,27.990829550178272,20.843855500385942,23.838356744072772,0.1202372000007017,42
LightGBM,7,11,"{""objective"": ""regression_l1"", ""learning_rate"": 0.02, ""num_leaves"": 15, ""min_child_samples"": 30, ""subsample"": 0.8, ""colsample_bytree"": 0.7, ""reg_alpha"": 1.0, ""reg_lambda"": 1.0}",19.128874396209284,27.88390553103915,20.500414690417486,23.931279813946606,0.14791499999773805,42
LightGBM,7,12,"{""objective"": ""regression_l1"", ""learning_rate"": 0.06, ""num_leaves"": 25, ""min_child_samples"": 20, ""subsample"": 0.85, ""colsample_bytree"": 0.85, ""reg_alpha"": 0.2, ""reg_lambda"": 0.2}",18.308675846042842,21.41634093775901,19.621407904204116,24.232953969187257,0.22700450000047567,42
LightGBM,8,1,"{""objective"": ""regression"", ""learning_rate"": 0.05, ""num_leaves"": 31, ""min_child_samples"": 20, ""subsample"": 0.8, ""colsample_bytree"": 0.8, ""reg_alpha"": 0.0, ""reg_lambda"": 0.0}",21.122217177765755,23.59328115885878,22.580706273890478,27.230773355127145,0.23684070000308566,42
LightGBM,8,2,"{""objective"": ""regression_l1"", ""learning_rate"": 0.05, ""num_leaves"": 31, ""min_child_samples"": 20, ""subsample"": 0.8, ""colsample_bytree"": 0.8, ""reg_alpha"": 0.0, ""reg_lambda"": 0.0}",19.58647832258479,23.318662351909598,20.93892465075927,25.570200145237866,0.20607249999738997,42
LightGBM,8,3,"{""objective"": ""regression_l1"", ""learning_rate"": 0.03, ""num_leaves"": 31, ""min_child_samples"": 25, ""subsample"": 0.8, ""colsample_bytree"": 0.8, ""reg_alpha"": 0.5, ""reg_lambda"": 0.5}",19.854804163212766,26.262108324624382,21.225778390682606,25.59412536328932,0.16994589999740128,42
LightGBM,8,4,"{""objective"": ""regression_l1"", ""learning_rate"": 0.04, ""num_leaves"": 20, ""min_child_samples"": 25, ""subsample"": 0.75, ""colsample_bytree"": 0.75, ""reg_alpha"": 0.5, ""reg_lambda"": 1.0}",19.799296875801392,24.27826833103282,21.16643832507548,25.658710351078703,0.16960199999812176,42
LightGBM,8,5,"{""objective"": ""regression"", ""learning_rate"": 0.04, ""num_leaves"": 20, ""min_child_samples"": 25, ""subsample"": 0.75, ""colsample_bytree"": 0.75, ""reg_alpha"": 0.5, ""reg_lambda"": 1.0}",20.705544686226403,24.404883303984697,22.135262546810335,26.68829243576044,0.18573990000004414,42
LightGBM,8,6,"{""objective"": ""regression_l1"", ""learning_rate"": 0.03, ""num_leaves"": 15, ""min_child_samples"": 30, ""subsample"": 0.7, ""colsample_bytree"": 0.7, ""reg_alpha"": 1.0, ""reg_lambda"": 1.0}",19.517470837698166,25.924771996120068,20.865152199041226,25.13850849715556,0.14729860000079498,42
LightGBM,8,7,"{""objective"": ""regression"", ""learning_rate"": 0.03, ""num_leaves"": 15, ""min_child_samples"": 30, ""subsample"": 0.7, ""colsample_bytree"": 0.7, ""reg_alpha"": 1.0, ""reg_lambda"": 1.0}",20.244528552671053,25.54868093057245,21.64241324923299,26.14194625358631,0.15480419999948936,42
LightGBM,8,8,"{""objective"": ""regression_l1"", ""learning_rate"": 0.03, ""num_leaves"": 10, ""min_child_samples"": 35, ""subsample"": 0.7, ""colsample_bytree"": 0.65, ""reg_alpha"": 1.5, ""reg_lambda"": 2.0}",19.875142450515366,26.417661101919958,21.24752103672345,25.686270087814812,0.1291732999998203,42
LightGBM,8,9,"{""objective"": ""regression_l1"", ""learning_rate"": 0.02, ""num_leaves"": 7, ""min_child_samples"": 40, ""subsample"": 0.7, ""colsample_bytree"": 0.6, ""reg_alpha"": 2.0, ""reg_lambda"": 2.0}",20.889672642036228,31.43595106771522,22.33210453796883,25.744972454069558,0.12343089999922086,42
LightGBM,8,10,"{""objective"": ""regression"", ""learning_rate"": 0.02, ""num_leaves"": 7, ""min_child_samples"": 40, ""subsample"": 0.7, ""colsample_bytree"": 0.6, ""reg_alpha"": 2.0, ""reg_lambda"": 2.0}",20.50577985373202,30.56471696321972,21.921703952632214,25.444047854600928,0.11563179999939166,42
LightGBM,8,11,"{""objective"": ""regression_l1"", ""learning_rate"": 0.02, ""num_leaves"": 15, ""min_child_samples"": 30, ""subsample"": 0.8, ""colsample_bytree"": 0.7, ""reg_alpha"": 1.0, ""reg_lambda"": 1.0}",20.338744793209756,30.699678819660672,21.743135121180888,25.393787521116185,0.1387505999991845,42
LightGBM,8,12,"{""objective"": ""regression_l1"", ""learning_rate"": 0.06, ""num_leaves"": 25, ""min_child_samples"": 20, ""subsample"": 0.85, ""colsample_bytree"": 0.85, ""reg_alpha"": 0.2, ""reg_lambda"": 0.2}",19.862470397221323,23.40035028150447,21.233973978149457,25.73121866794061,0.2597596000014164,42
XGBoost,1,1,"{""objective"": ""reg:squarederror"", ""learning_rate"": 0.05, ""max_depth"": 6, ""min_child_weight"": 1, ""subsample"": 0.8, ""colsample_bytree"": 0.8, ""reg_alpha"": 0.0, ""reg_lambda"": 1.0}",8.954648567529663,10.977013960726605,10.145616827011109,13.044584982744952,2.3672612000009394,42
XGBoost,1,2,"{""objective"": ""reg:absoluteerror"", ""learning_rate"": 0.05, ""max_depth"": 6, ""min_child_weight"": 1, ""subsample"": 0.8, ""colsample_bytree"": 0.8, ""reg_alpha"": 0.0, ""reg_lambda"": 1.0}",9.461758808024879,11.653312078715937,10.720172729492187,13.653975931454642,0.5818668000028993,42
XGBoost,1,3,"{""objective"": ""reg:absoluteerror"", ""learning_rate"": 0.04, ""max_depth"": 5, ""min_child_weight"": 2, ""subsample"": 0.8, ""colsample_bytree"": 0.75, ""reg_alpha"": 0.5, ""reg_lambda"": 1.0}",9.623309208667079,12.364720980168823,10.9032093334198,13.842299632281982,0.4334240999996837,42
XGBoost,1,4,"{""objective"": ""reg:absoluteerror"", ""learning_rate"": 0.03, ""max_depth"": 4, ""min_child_weight"": 3, ""subsample"": 0.75, ""colsample_bytree"": 0.7, ""reg_alpha"": 1.0, ""reg_lambda"": 1.5}",10.11065244043389,14.392655235773391,11.455369215011597,14.819900604639006,0.3358224000003247,42
XGBoost,1,5,"{""objective"": ""reg:squarederror"", ""learning_rate"": 0.03, ""max_depth"": 4, ""min_child_weight"": 3, ""subsample"": 0.75, ""colsample_bytree"": 0.7, ""reg_alpha"": 1.0, ""reg_lambda"": 1.5}",9.282633098794209,12.86343695178392,10.517223300933837,13.273671168893236,0.31715970000004745,42
XGBoost,1,6,"{""objective"": ""reg:absoluteerror"", ""learning_rate"": 0.03, ""max_depth"": 3, ""min_child_weight"": 4, ""subsample"": 0.7, ""colsample_bytree"": 0.65, ""reg_alpha"": 1.5, ""reg_lambda"": 2.0}",10.245624215647066,14.578180726020868,11.608292236328126,15.013893304547034,0.279201400000602,42
XGBoost,1,7,"{""objective"": ""reg:squarederror"", ""learning_rate"": 0.03, ""max_depth"": 3, ""min_child_weight"": 4, ""subsample"": 0.7, ""colsample_bytree"": 0.65, ""reg_alpha"": 1.5, ""reg_lambda"": 2.0}",9.201309594661918,12.992008519752304,10.425083770751954,13.150962508379681,0.26734370000122,42
XGBoost,1,8,"{""objective"": ""reg:absoluteerror"", ""learning_rate"": 0.02, ""max_depth"": 3, ""min_child_weight"": 5, ""subsample"": 0.7, ""colsample_bytree"": 0.6, ""reg_alpha"": 2.0, ""reg_lambda"": 3.0}",13.265450806714535,20.909205011941385,15.029755764007568,19.57051078125953,0.29178239999964717,42
XGBoost,1,9,"{""objective"": ""reg:absoluteerror"", ""learning_rate"": 0.02, ""max_depth"": 4, ""min_child_weight"": 3, ""subsample"": 0.8, ""colsample_bytree"": 0.7, ""reg_alpha"": 1.0, ""reg_lambda"": 1.0}",12.966898339886846,20.487056340432073,14.691495819091797,19.03072280203102,0.3618416999997862,42
XGBoost,1,10,"{""objective"": ""reg:absoluteerror"", ""learning_rate"": 0.06, ""max_depth"": 6, ""min_child_weight"": 2, ""subsample"": 0.85, ""colsample_bytree"": 0.85, ""reg_alpha"": 0.2, ""reg_lambda"": 0.5}",9.341382508980733,11.322738715208736,10.583786382675171,13.253931742021498,0.5506214999986696,42
XGBoost,1,11,"{""objective"": ""reg:squarederror"", ""learning_rate"": 0.06, ""max_depth"": 5, ""min_child_weight"": 2, ""subsample"": 0.85, ""colsample_bytree"": 0.85, ""reg_alpha"": 0.2, ""reg_lambda"": 0.5}",9.079158956354314,11.04634382726725,10.28668709754944,13.214194721973271,0.3958407999998599,42
XGBoost,1,12,"{""objective"": ""reg:absoluteerror"", ""learning_rate"": 0.04, ""max_depth"": 4, ""min_child_weight"": 2, ""subsample"": 0.8, ""colsample_bytree"": 0.8, ""reg_alpha"": 0.5, ""reg_lambda"": 1.0}",9.37020447437256,12.213543509271966,10.61644166946411,13.437805519618612,0.36179550000088057,42
XGBoost,2,1,"{""objective"": ""reg:squarederror"", ""learning_rate"": 0.05, ""max_depth"": 6, ""min_child_weight"": 1, ""subsample"": 0.8, ""colsample_bytree"": 0.8, ""reg_alpha"": 0.0, ""reg_lambda"": 1.0}",9.572793273646827,11.261721608465205,10.99626763343811,14.569625636142634,0.6147773999982746,42
XGBoost,2,2,"{""objective"": ""reg:absoluteerror"", ""learning_rate"": 0.05, ""max_depth"": 6, ""min_child_weight"": 1, ""subsample"": 0.8, ""colsample_bytree"": 0.8, ""reg_alpha"": 0.0, ""reg_lambda"": 1.0}",9.502776634021705,11.391609365693025,10.915839519500732,14.420303203278591,0.5090675999999803,42
XGBoost,2,3,"{""objective"": ""reg:absoluteerror"", ""learning_rate"": 0.04, ""max_depth"": 5, ""min_child_weight"": 2, ""subsample"": 0.8, ""colsample_bytree"": 0.75, ""reg_alpha"": 0.5, ""reg_lambda"": 1.0}",9.473366362521157,11.13846310599643,10.882055940628051,14.346525453736884,0.38804529999833903,42
XGBoost,2,4,"{""objective"": ""reg:absoluteerror"", ""learning_rate"": 0.03, ""max_depth"": 4, ""min_child_weight"": 3, ""subsample"": 0.75, ""colsample_bytree"": 0.7, ""reg_alpha"": 1.0, ""reg_lambda"": 1.5}",9.877422263357236,12.533494694413996,11.346194953918458,15.523136439105432,0.2979756000022462,42
XGBoost,2,5,"{""objective"": ""reg:squarederror"", ""learning_rate"": 0.03, ""max_depth"": 4, ""min_child_weight"": 3, ""subsample"": 0.75, ""colsample_bytree"": 0.7, ""reg_alpha"": 1.0, ""reg_lambda"": 1.5}",9.18876929892109,11.376896789956934,10.555139293670655,13.837359253146907,0.28589699999793083,42
XGBoost,2,6,"{""objective"": ""reg:absoluteerror"", ""learning_rate"": 0.03, ""max_depth"": 3, ""min_child_weight"": 4, ""subsample"": 0.7, ""colsample_bytree"": 0.65, ""reg_alpha"": 1.5, ""reg_lambda"": 2.0}",10.078517016848105,12.85909803283258,11.577192497253417,15.688360832386305,0.25522709999859217,42
XGBoost,2,7,"{""objective"": ""reg:squarederror"", ""learning_rate"": 0.03, ""max_depth"": 3, ""min_child_weight"": 4, ""subsample"": 0.7, ""colsample_bytree"": 0.65, ""reg_alpha"": 1.5, ""reg_lambda"": 2.0}",9.117137813958319,11.26234542135504,10.47285620689392,13.787774455947725,0.2228324000025168,42
XGBoost,2,8,"{""objective"": ""reg:absoluteerror"", ""learning_rate"": 0.02, ""max_depth"": 3, ""min_child_weight"": 5, ""subsample"": 0.7, ""colsample_bytree"": 0.6, ""reg_alpha"": 2.0, ""reg_lambda"": 3.0}",12.528410876939864,17.536495859828467,14.39138557434082,19.348777928561926,0.2502277999992657,42
XGBoost,2,9,"{""objective"": ""reg:absoluteerror"", ""learning_rate"": 0.02, ""max_depth"": 4, ""min_child_weight"": 3, ""subsample"": 0.8, ""colsample_bytree"": 0.7, ""reg_alpha"": 1.0, ""reg_lambda"": 1.0}",12.411130870448149,17.4080966885207,14.256666030883789,18.927664401475006,0.3213934999985213,42
XGBoost,2,10,"{""objective"": ""reg:absoluteerror"", ""learning_rate"": 0.06, ""max_depth"": 6, ""min_child_weight"": 2, ""subsample"": 0.85, ""colsample_bytree"": 0.85, ""reg_alpha"": 0.2, ""reg_lambda"": 0.5}",9.697809084034406,11.602299814237108,11.139873294830322,14.731725874406875,0.5094129999997676,42
XGBoost,2,11,"{""objective"": ""reg:squarederror"", ""learning_rate"": 0.06, ""max_depth"": 5, ""min_child_weight"": 2, ""subsample"": 0.85, ""colsample_bytree"": 0.85, ""reg_alpha"": 0.2, ""reg_lambda"": 0.5}",9.325299869476583,11.056663815210936,10.71197196006775,14.151437448713816,0.3826173000015842,42
XGBoost,2,12,"{""objective"": ""reg:absoluteerror"", ""learning_rate"": 0.04, ""max_depth"": 4, ""min_child_weight"": 2, ""subsample"": 0.8, ""colsample_bytree"": 0.8, ""reg_alpha"": 0.5, ""reg_lambda"": 1.0}",9.080980016469768,10.826665806568844,10.431321744918824,13.940657316992022,0.3987754000008863,42
XGBoost,3,1,"{""objective"": ""reg:squarederror"", ""learning_rate"": 0.05, ""max_depth"": 6, ""min_child_weight"": 1, ""subsample"": 0.8, ""colsample_bytree"": 0.8, ""reg_alpha"": 0.0, ""reg_lambda"": 1.0}",10.80210770383573,12.292416836441364,12.278755826950073,15.97129527985855,0.5405019999998331,42
XGBoost,3,2,"{""objective"": ""reg:absoluteerror"", ""learning_rate"": 0.05, ""max_depth"": 6, ""min_child_weight"": 1, ""subsample"": 0.8, ""colsample_bytree"": 0.8, ""reg_alpha"": 0.0, ""reg_lambda"": 1.0}",10.754005745573725,12.531244681856858,12.224078330993652,15.650453266385059,0.5130064000004495,42
XGBoost,3,3,"{""objective"": ""reg:absoluteerror"", ""learning_rate"": 0.04, ""max_depth"": 5, ""min_child_weight"": 2, ""subsample"": 0.8, ""colsample_bytree"": 0.75, ""reg_alpha"": 0.5, ""reg_lambda"": 1.0}",10.547964287861321,12.816714633870244,11.989871006011963,15.335068509753004,0.38550389999727486,42
XGBoost,3,4,"{""objective"": ""reg:absoluteerror"", ""learning_rate"": 0.03, ""max_depth"": 4, ""min_child_weight"": 3, ""subsample"": 0.75, ""colsample_bytree"": 0.7, ""reg_alpha"": 1.0, ""reg_lambda"": 1.5}",11.133076125885195,14.572950393243078,12.654967632293701,16.016343860386684,0.29796519999945303,42
XGBoost,3,5,"{""objective"": ""reg:squarederror"", ""learning_rate"": 0.03, ""max_depth"": 4, ""min_child_weight"": 3, ""subsample"": 0.75, ""colsample_bytree"": 0.7, ""reg_alpha"": 1.0, ""reg_lambda"": 1.5}",10.392923767044202,13.030408314136778,11.813636445999146,14.737607800123133,0.2844793000003847,42
XGBoost,3,6,"{""objective"": ""reg:absoluteerror"", ""learning_rate"": 0.03, ""max_depth"": 3, ""min_child_weight"": 4, ""subsample"": 0.7, ""colsample_bytree"": 0.65, ""reg_alpha"": 1.5, ""reg_lambda"": 2.0}",11.483515016823088,15.113113764475566,13.053311519622802,16.52323536597875,0.2547947999992175,42
XGBoost,3,7,"{""objective"": ""reg:squarederror"", ""learning_rate"": 0.03, ""max_depth"": 3, ""min_child_weight"": 4, ""subsample"": 0.7, ""colsample_bytree"": 0.65, ""reg_alpha"": 1.5, ""reg_lambda"": 2.0}",10.536025622762098,13.303890577084662,11.976300325393677,14.891741188513583,0.23641660000066622,42
XGBoost,3,8,"{""objective"": ""reg:absoluteerror"", ""learning_rate"": 0.02, ""max_depth"": 3, ""min_child_weight"": 5, ""subsample"": 0.7, ""colsample_bytree"": 0.6, ""reg_alpha"": 2.0, ""reg_lambda"": 3.0}",13.852397116295862,20.122747250604775,15.746019802093507,20.073476233416297,0.24967689999903087,42
XGBoost,3,9,"{""objective"": ""reg:absoluteerror"", ""learning_rate"": 0.02, ""max_depth"": 4, ""min_child_weight"": 3, ""subsample"": 0.8, ""colsample_bytree"": 0.7, ""reg_alpha"": 1.0, ""reg_lambda"": 1.0}",13.734636133092787,19.913377318367687,15.612160892486573,19.81006974188746,0.30246659999829717,42
XGBoost,3,10,"{""objective"": ""reg:absoluteerror"", ""learning_rate"": 0.06, ""max_depth"": 6, ""min_child_weight"": 2, ""subsample"": 0.85, ""colsample_bytree"": 0.85, ""reg_alpha"": 0.2, ""reg_lambda"": 0.5}",10.384914941520083,12.055515685138143,11.80453281402588,15.134754030842737,0.4464259000014863,42
XGBoost,3,11,"{""objective"": ""reg:squarederror"", ""learning_rate"": 0.06, ""max_depth"": 5, ""min_child_weight"": 2, ""subsample"": 0.85, ""colsample_bytree"": 0.85, ""reg_alpha"": 0.2, ""reg_lambda"": 0.5}",10.753153185736613,12.171832505121026,12.223109226226807,15.900319609509646,0.32835890000205836,42
XGBoost,3,12,"{""objective"": ""reg:absoluteerror"", ""learning_rate"": 0.04, ""max_depth"": 4, ""min_child_weight"": 2, ""subsample"": 0.8, ""colsample_bytree"": 0.8, ""reg_alpha"": 0.5, ""reg_lambda"": 1.0}",10.493143418433641,12.647577353000703,11.92755612373352,15.30958147275625,0.2772016999988409,42
XGBoost,4,1,"{""objective"": ""reg:squarederror"", ""learning_rate"": 0.05, ""max_depth"": 6, ""min_child_weight"": 1, ""subsample"": 0.8, ""colsample_bytree"": 0.8, ""reg_alpha"": 0.0, ""reg_lambda"": 1.0}",11.486654726087506,13.244668061792366,12.852992305755615,16.24769791248075,0.5667752000008477,42
XGBoost,4,2,"{""objective"": ""reg:absoluteerror"", ""learning_rate"": 0.05, ""max_depth"": 6, ""min_child_weight"": 1, ""subsample"": 0.8, ""colsample_bytree"": 0.8, ""reg_alpha"": 0.0, ""reg_lambda"": 1.0}",10.797844604713102,13.007279934202437,12.082248220443725,15.373421285980152,0.4416875999995682,42
XGBoost,4,3,"{""objective"": ""reg:absoluteerror"", ""learning_rate"": 0.04, ""max_depth"": 5, ""min_child_weight"": 2, ""subsample"": 0.8, ""colsample_bytree"": 0.75, ""reg_alpha"": 0.5, ""reg_lambda"": 1.0}",10.803850583818356,13.322294916568449,12.08896861076355,15.179097181579177,0.35829590000139433,42
XGBoost,4,4,"{""objective"": ""reg:absoluteerror"", ""learning_rate"": 0.03, ""max_depth"": 4, ""min_child_weight"": 3, ""subsample"": 0.75, ""colsample_bytree"": 0.7, ""reg_alpha"": 1.0, ""reg_lambda"": 1.5}",11.053733113165851,15.299279439519507,12.36857466697693,15.287105410072867,0.2731486999982735,42
XGBoost,4,5,"{""objective"": ""reg:squarederror"", ""learning_rate"": 0.03, ""max_depth"": 4, ""min_child_weight"": 3, ""subsample"": 0.75, ""colsample_bytree"": 0.7, ""reg_alpha"": 1.0, ""reg_lambda"": 1.5}",11.110767209554913,14.222713067464081,12.43239296913147,15.356500002487095,0.2641741000006732,42
XGBoost,4,6,"{""objective"": ""reg:absoluteerror"", ""learning_rate"": 0.03, ""max_depth"": 3, ""min_child_weight"": 4, ""subsample"": 0.7, ""colsample_bytree"": 0.65, ""reg_alpha"": 1.5, ""reg_lambda"": 2.0}",11.55987550396346,15.811317335370477,12.934922695159912,15.923662041764935,0.22772009999971488,42
XGBoost,4,7,"{""objective"": ""reg:squarederror"", ""learning_rate"": 0.03, ""max_depth"": 3, ""min_child_weight"": 4, ""subsample"": 0.7, ""colsample_bytree"": 0.65, ""reg_alpha"": 1.5, ""reg_lambda"": 2.0}",11.358721500544858,14.742589518402218,12.709841423034668,15.57604719496172,0.20723590000125114,42
XGBoost,4,8,"{""objective"": ""reg:absoluteerror"", ""learning_rate"": 0.02, ""max_depth"": 3, ""min_child_weight"": 5, ""subsample"": 0.7, ""colsample_bytree"": 0.6, ""reg_alpha"": 2.0, ""reg_lambda"": 3.0}",13.538159982752953,20.853966125631313,15.148524112701416,18.701871459441957,0.2080497999995714,42
XGBoost,4,9,"{""objective"": ""reg:absoluteerror"", ""learning_rate"": 0.02, ""max_depth"": 4, ""min_child_weight"": 3, ""subsample"": 0.8, ""colsample_bytree"": 0.7, ""reg_alpha"": 1.0, ""reg_lambda"": 1.0}",13.158711334928078,20.36214201298794,14.723940048217774,18.127091127099014,0.26536940000005416,42
XGBoost,4,10,"{""objective"": ""reg:absoluteerror"", ""learning_rate"": 0.06, ""max_depth"": 6, ""min_child_weight"": 2, ""subsample"": 0.85, ""colsample_bytree"": 0.85, ""reg_alpha"": 0.2, ""reg_lambda"": 0.5}",11.41421320909384,13.38553159743487,12.771933870315552,16.166609537683275,0.3973471999997855,42
XGBoost,4,11,"{""objective"": ""reg:squarederror"", ""learning_rate"": 0.06, ""max_depth"": 5, ""min_child_weight"": 2, ""subsample"": 0.85, ""colsample_bytree"": 0.85, ""reg_alpha"": 0.2, ""reg_lambda"": 0.5}",11.598843840823172,13.298424712452258,12.978526315689088,16.55586551853488,0.3157385999984399,42
XGBoost,4,12,"{""objective"": ""reg:absoluteerror"", ""learning_rate"": 0.04, ""max_depth"": 4, ""min_child_weight"": 2, ""subsample"": 0.8, ""colsample_bytree"": 0.8, ""reg_alpha"": 0.5, ""reg_lambda"": 1.0}",10.765710804523053,13.344494693025652,12.046292104721068,15.127005131380086,0.262882000002719,42
XGBoost,5,1,"{""objective"": ""reg:squarederror"", ""learning_rate"": 0.05, ""max_depth"": 6, ""min_child_weight"": 1, ""subsample"": 0.8, ""colsample_bytree"": 0.8, ""reg_alpha"": 0.0, ""reg_lambda"": 1.0}",11.567787375127816,13.875455955782726,12.95476508140564,16.675955686618142,0.4124779000012495,42
XGBoost,5,2,"{""objective"": ""reg:absoluteerror"", ""learning_rate"": 0.05, ""max_depth"": 6, ""min_child_weight"": 1, ""subsample"": 0.8, ""colsample_bytree"": 0.8, ""reg_alpha"": 0.0, ""reg_lambda"": 1.0}",11.647563061976882,13.99342615672744,13.04410587310791,16.557622138480564,0.4407585000008112,42
XGBoost,5,3,"{""objective"": ""reg:absoluteerror"", ""learning_rate"": 0.04, ""max_depth"": 5, ""min_child_weight"": 2, ""subsample"": 0.8, ""colsample_bytree"": 0.75, ""reg_alpha"": 0.5, ""reg_lambda"": 1.0}",11.459616190919451,14.076793548228434,12.833624172210694,16.275268623542395,0.30817540000134613,42
XGBoost,5,4,"{""objective"": ""reg:absoluteerror"", ""learning_rate"": 0.03, ""max_depth"": 4, ""min_child_weight"": 3, ""subsample"": 0.75, ""colsample_bytree"": 0.7, ""reg_alpha"": 1.0, ""reg_lambda"": 1.5}",11.588832069394929,15.608771974823629,12.97833303451538,16.229466401055824,0.2454424999996263,42
XGBoost,5,5,"{""objective"": ""reg:squarederror"", ""learning_rate"": 0.03, ""max_depth"": 4, ""min_child_weight"": 3, ""subsample"": 0.75, ""colsample_bytree"": 0.7, ""reg_alpha"": 1.0, ""reg_lambda"": 1.5}",11.514437348728297,14.863989237572037,12.895018386840821,16.215874296201676,0.24267450000115787,42
XGBoost,5,6,"{""objective"": ""reg:absoluteerror"", ""learning_rate"": 0.03, ""max_depth"": 3, ""min_child_weight"": 4, ""subsample"": 0.7, ""colsample_bytree"": 0.65, ""reg_alpha"": 1.5, ""reg_lambda"": 2.0}",11.797937515303753,15.753479613976456,13.212510223388671,16.759434648924312,0.22302189999754773,42
XGBoost,5,7,"{""objective"": ""reg:squarederror"", ""learning_rate"": 0.03, ""max_depth"": 3, ""min_child_weight"": 4, ""subsample"": 0.7, ""colsample_bytree"": 0.65, ""reg_alpha"": 1.5, ""reg_lambda"": 2.0}",11.662799190736177,14.986172759196212,13.061168813705445,16.483458465896025,0.18597040000167908,42
XGBoost,5,8,"{""objective"": ""reg:absoluteerror"", ""learning_rate"": 0.02, ""max_depth"": 3, ""min_child_weight"": 5, ""subsample"": 0.7, ""colsample_bytree"": 0.6, ""reg_alpha"": 2.0, ""reg_lambda"": 3.0}",14.187048452114864,21.00986620877642,15.888075561523438,19.343181516737936,0.20197629999893252,42
XGBoost,5,9,"{""objective"": ""reg:absoluteerror"", ""learning_rate"": 0.02, ""max_depth"": 4, ""min_child_weight"": 3, ""subsample"": 0.8, ""colsample_bytree"": 0.7, ""reg_alpha"": 1.0, ""reg_lambda"": 1.0}",13.47913407398043,20.353145365493905,15.095282249450683,18.373207471306756,0.24698930000158725,42
XGBoost,5,10,"{""objective"": ""reg:absoluteerror"", ""learning_rate"": 0.06, ""max_depth"": 6, ""min_child_weight"": 2, ""subsample"": 0.85, ""colsample_bytree"": 0.85, ""reg_alpha"": 0.2, ""reg_lambda"": 0.5}",11.87283462877305,14.133825400848876,13.29638750076294,16.634440153709075,0.3801582000014605,42
XGBoost,5,11,"{""objective"": ""reg:squarederror"", ""learning_rate"": 0.06, ""max_depth"": 5, ""min_child_weight"": 2, ""subsample"": 0.85, ""colsample_bytree"": 0.85, ""reg_alpha"": 0.2, ""reg_lambda"": 0.5}",11.96117462436156,13.9920948021421,13.39531946182251,17.511761980406074,0.3033523999984027,42
XGBoost,5,12,"{""objective"": ""reg:absoluteerror"", ""learning_rate"": 0.04, ""max_depth"": 4, ""min_child_weight"": 2, ""subsample"": 0.8, ""colsample_bytree"": 0.8, ""reg_alpha"": 0.5, ""reg_lambda"": 1.0}",11.719963846275643,14.462242161424776,13.125187511444091,16.376374025972737,0.257988800000021,42
XGBoost,6,1,"{""objective"": ""reg:squarederror"", ""learning_rate"": 0.05, ""max_depth"": 6, ""min_child_weight"": 1, ""subsample"": 0.8, ""colsample_bytree"": 0.8, ""reg_alpha"": 0.0, ""reg_lambda"": 1.0}",13.731676867942632,16.23589557167018,15.389776849746704,19.47849847133603,0.46057459999792627,42
XGBoost,6,2,"{""objective"": ""reg:absoluteerror"", ""learning_rate"": 0.05, ""max_depth"": 6, ""min_child_weight"": 1, ""subsample"": 0.8, ""colsample_bytree"": 0.8, ""reg_alpha"": 0.0, ""reg_lambda"": 1.0}",13.461847639285956,16.191613345088765,15.087365741729736,19.387615887567584,0.40680439999778173,42
XGBoost,6,3,"{""objective"": ""reg:absoluteerror"", ""learning_rate"": 0.04, ""max_depth"": 5, ""min_child_weight"": 2, ""subsample"": 0.8, ""colsample_bytree"": 0.75, ""reg_alpha"": 0.5, ""reg_lambda"": 1.0}",13.202694738227663,16.356745713840347,14.796920127868653,18.70810485450517,0.2979920999969181,42
XGBoost,6,4,"{""objective"": ""reg:absoluteerror"", ""learning_rate"": 0.03, ""max_depth"": 4, ""min_child_weight"": 3, ""subsample"": 0.75, ""colsample_bytree"": 0.7, ""reg_alpha"": 1.0, ""reg_lambda"": 1.5}",13.378933632770021,18.19611369484916,14.994439868927001,18.621900098506458,0.249340200000006,42
XGBoost,6,5,"{""objective"": ""reg:squarederror"", ""learning_rate"": 0.03, ""max_depth"": 4, ""min_child_weight"": 3, ""subsample"": 0.75, ""colsample_bytree"": 0.7, ""reg_alpha"": 1.0, ""reg_lambda"": 1.5}",13.370428517171643,17.149590043868148,14.984907760620118,18.81422381707799,0.22955559999900288,42
XGBoost,6,6,"{""objective"": ""reg:absoluteerror"", ""learning_rate"": 0.03, ""max_depth"": 3, ""min_child_weight"": 4, ""subsample"": 0.7, ""colsample_bytree"": 0.65, ""reg_alpha"": 1.5, ""reg_lambda"": 2.0}",13.632203169547633,18.434251819490722,15.278291702270508,18.933842043314126,0.2021856999999727,42
XGBoost,6,7,"{""objective"": ""reg:squarederror"", ""learning_rate"": 0.03, ""max_depth"": 3, ""min_child_weight"": 4, ""subsample"": 0.7, ""colsample_bytree"": 0.65, ""reg_alpha"": 1.5, ""reg_lambda"": 2.0}",13.582670725325297,17.47603326902316,15.222778215408326,18.975457352750546,0.1866702000006626,42
XGBoost,6,8,"{""objective"": ""reg:absoluteerror"", ""learning_rate"": 0.02, ""max_depth"": 3, ""min_child_weight"": 5, ""subsample"": 0.7, ""colsample_bytree"": 0.6, ""reg_alpha"": 2.0, ""reg_lambda"": 3.0}",15.297150655487354,23.4546585370082,17.14428159713745,20.520555040835927,0.20019519999914337,42
XGBoost,6,9,"{""objective"": ""reg:absoluteerror"", ""learning_rate"": 0.02, ""max_depth"": 4, ""min_child_weight"": 3, ""subsample"": 0.8, ""colsample_bytree"": 0.7, ""reg_alpha"": 1.0, ""reg_lambda"": 1.0}",14.95492930500576,23.195462053255337,16.760737018585203,19.950170687031687,0.24271700000099372,42
XGBoost,6,10,"{""objective"": ""reg:absoluteerror"", ""learning_rate"": 0.06, ""max_depth"": 6, ""min_child_weight"": 2, ""subsample"": 0.85, ""colsample_bytree"": 0.85, ""reg_alpha"": 0.2, ""reg_lambda"": 0.5}",13.832579567420172,16.29574076723428,15.502863550186158,19.915634178762822,0.4084569999977248,42
XGBoost,6,11,"{""objective"": ""reg:squarederror"", ""learning_rate"": 0.06, ""max_depth"": 5, ""min_child_weight"": 2, ""subsample"": 0.85, ""colsample_bytree"": 0.85, ""reg_alpha"": 0.2, ""reg_lambda"": 0.5}",13.930290259608674,16.09300977703611,15.61237280845642,20.167964780579748,0.30435620000207564,42
XGBoost,6,12,"{""objective"": ""reg:absoluteerror"", ""learning_rate"": 0.04, ""max_depth"": 4, ""min_child_weight"": 2, ""subsample"": 0.8, ""colsample_bytree"": 0.8, ""reg_alpha"": 0.5, ""reg_lambda"": 1.0}",13.275201479664823,16.2484670917568,14.878182058334351,19.05124638932512,0.25138159999914933,42
XGBoost,7,1,"{""objective"": ""reg:squarederror"", ""learning_rate"": 0.05, ""max_depth"": 6, ""min_child_weight"": 1, ""subsample"": 0.8, ""colsample_bytree"": 0.8, ""reg_alpha"": 0.0, ""reg_lambda"": 1.0}",18.601917880144516,21.831224385139258,19.93567539215088,24.039211335989187,0.42187030000059167,42
XGBoost,7,2,"{""objective"": ""reg:absoluteerror"", ""learning_rate"": 0.05, ""max_depth"": 6, ""min_child_weight"": 1, ""subsample"": 0.8, ""colsample_bytree"": 0.8, ""reg_alpha"": 0.0, ""reg_lambda"": 1.0}",18.205305901972608,21.719821227760157,19.510626335144043,24.007444363503,0.42451140000048326,42
XGBoost,7,3,"{""objective"": ""reg:absoluteerror"", ""learning_rate"": 0.04, ""max_depth"": 5, ""min_child_weight"": 2, ""subsample"": 0.8, ""colsample_bytree"": 0.75, ""reg_alpha"": 0.5, ""reg_lambda"": 1.0}",17.96716057543458,21.7064716529502,19.255405988693237,23.52979896746001,0.3673223000005237,42
XGBoost,7,4,"{""objective"": ""reg:absoluteerror"", ""learning_rate"": 0.03, ""max_depth"": 4, ""min_child_weight"": 3, ""subsample"": 0.75, ""colsample_bytree"": 0.7, ""reg_alpha"": 1.0, ""reg_lambda"": 1.5}",18.198906326400728,23.741037222399495,19.503767910003663,23.474926015611643,0.27523759999894537,42
XGBoost,7,5,"{""objective"": ""reg:squarederror"", ""learning_rate"": 0.03, ""max_depth"": 4, ""min_child_weight"": 3, ""subsample"": 0.75, ""colsample_bytree"": 0.7, ""reg_alpha"": 1.0, ""reg_lambda"": 1.5}",18.201907406082857,22.620011385050773,19.506984167099,23.35901292090141,0.26054780000049504,42
XGBoost,7,6,"{""objective"": ""reg:absoluteerror"", ""learning_rate"": 0.03, ""max_depth"": 3, ""min_child_weight"": 4, ""subsample"": 0.7, ""colsample_bytree"": 0.65, ""reg_alpha"": 1.5, ""reg_lambda"": 2.0}",18.234834816069416,23.67978657667776,19.54227247238159,23.69619900276031,0.20692789999884553,42
XGBoost,7,7,"{""objective"": ""reg:squarederror"", ""learning_rate"": 0.03, ""max_depth"": 3, ""min_child_weight"": 4, ""subsample"": 0.7, ""colsample_bytree"": 0.65, ""reg_alpha"": 1.5, ""reg_lambda"": 2.0}",18.640384271850756,23.24366456110481,19.976899824142457,23.98171332043871,0.19612400000187336,42
XGBoost,7,8,"{""objective"": ""reg:absoluteerror"", ""learning_rate"": 0.02, ""max_depth"": 3, ""min_child_weight"": 5, ""subsample"": 0.7, ""colsample_bytree"": 0.6, ""reg_alpha"": 2.0, ""reg_lambda"": 3.0}",19.77583141350041,28.722576882392108,21.193758525848388,24.712811474358436,0.20399729999917326,42
XGBoost,7,9,"{""objective"": ""reg:absoluteerror"", ""learning_rate"": 0.02, ""max_depth"": 4, ""min_child_weight"": 3, ""subsample"": 0.8, ""colsample_bytree"": 0.7, ""reg_alpha"": 1.0, ""reg_lambda"": 1.0}",19.137396905430442,28.067851902563277,20.509548263549803,23.814602037801247,0.25116349999734666,42
XGBoost,7,10,"{""objective"": ""reg:absoluteerror"", ""learning_rate"": 0.06, ""max_depth"": 6, ""min_child_weight"": 2, ""subsample"": 0.85, ""colsample_bytree"": 0.85, ""reg_alpha"": 0.2, ""reg_lambda"": 0.5}",18.42725578835621,22.01507135367253,19.748490028381347,24.142936010821778,0.39395969999895897,42
XGBoost,7,11,"{""objective"": ""reg:squarederror"", ""learning_rate"": 0.06, ""max_depth"": 5, ""min_child_weight"": 2, ""subsample"": 0.85, ""colsample_bytree"": 0.85, ""reg_alpha"": 0.2, ""reg_lambda"": 0.5}",19.348616020285927,22.04381186384316,20.73591178894043,25.112853482251793,0.3175312999992457,42
XGBoost,7,12,"{""objective"": ""reg:absoluteerror"", ""learning_rate"": 0.04, ""max_depth"": 4, ""min_child_weight"": 2, ""subsample"": 0.8, ""colsample_bytree"": 0.8, ""reg_alpha"": 0.5, ""reg_lambda"": 1.0}",17.565256661417504,21.443151574833664,18.824685564041136,23.122583839999876,0.25729519999731565,42
XGBoost,8,1,"{""objective"": ""reg:squarederror"", ""learning_rate"": 0.05, ""max_depth"": 6, ""min_child_weight"": 1, ""subsample"": 0.8, ""colsample_bytree"": 0.8, ""reg_alpha"": 0.0, ""reg_lambda"": 1.0}",20.953318006803553,23.699255072564625,22.40014461517334,26.853875588995663,0.4008571000013035,42
XGBoost,8,2,"{""objective"": ""reg:absoluteerror"", ""learning_rate"": 0.05, ""max_depth"": 6, ""min_child_weight"": 1, ""subsample"": 0.8, ""colsample_bytree"": 0.8, ""reg_alpha"": 0.0, ""reg_lambda"": 1.0}",19.819260981669345,23.516787911102075,21.187780952453615,25.42981564903347,0.3703319999985979,42
XGBoost,8,3,"{""objective"": ""reg:absoluteerror"", ""learning_rate"": 0.04, ""max_depth"": 5, ""min_child_weight"": 2, ""subsample"": 0.8, ""colsample_bytree"": 0.75, ""reg_alpha"": 0.5, ""reg_lambda"": 1.0}",18.8072350801172,23.176930908187828,20.10587466239929,24.19749161412454,0.29655909999928554,42
XGBoost,8,4,"{""objective"": ""reg:absoluteerror"", ""learning_rate"": 0.03, ""max_depth"": 4, ""min_child_weight"": 3, ""subsample"": 0.75, ""colsample_bytree"": 0.7, ""reg_alpha"": 1.0, ""reg_lambda"": 1.5}",18.36188783659457,24.78203419963682,19.629776191711425,23.63912530755783,0.2395187000001897,42
XGBoost,8,5,"{""objective"": ""reg:squarederror"", ""learning_rate"": 0.03, ""max_depth"": 4, ""min_child_weight"": 3, ""subsample"": 0.75, ""colsample_bytree"": 0.7, ""reg_alpha"": 1.0, ""reg_lambda"": 1.5}",19.507719601657524,24.509714708214936,20.854727640151978,24.739032589400964,0.23928630000227713,42
XGBoost,8,6,"{""objective"": ""reg:absoluteerror"", ""learning_rate"": 0.03, ""max_depth"": 3, ""min_child_weight"": 4, ""subsample"": 0.7, ""colsample_bytree"": 0.65, ""reg_alpha"": 1.5, ""reg_lambda"": 2.0}",19.277704712673398,25.806922153840457,20.608830223083498,24.71657296624886,0.21856020000268472,42
XGBoost,8,7,"{""objective"": ""reg:squarederror"", ""learning_rate"": 0.03, ""max_depth"": 3, ""min_child_weight"": 4, ""subsample"": 0.7, ""colsample_bytree"": 0.65, ""reg_alpha"": 1.5, ""reg_lambda"": 2.0}",19.69940441037567,24.95012755949148,21.05964828491211,25.11197540972793,0.21335580000231857,42
XGBoost,8,8,"{""objective"": ""reg:absoluteerror"", ""learning_rate"": 0.02, ""max_depth"": 3, ""min_child_weight"": 5, ""subsample"": 0.7, ""colsample_bytree"": 0.6, ""reg_alpha"": 2.0, ""reg_lambda"": 3.0}",20.538334931020824,31.20959249164142,21.95650695800781,25.523652869210032,0.2093301999993855,42
XGBoost,8,9,"{""objective"": ""reg:absoluteerror"", ""learning_rate"": 0.02, ""max_depth"": 4, ""min_child_weight"": 3, ""subsample"": 0.8, ""colsample_bytree"": 0.7, ""reg_alpha"": 1.0, ""reg_lambda"": 1.0}",19.48748621078198,30.022861030495342,20.833097133636475,24.223784885213053,0.2343963999992411,42
XGBoost,8,10,"{""objective"": ""reg:absoluteerror"", ""learning_rate"": 0.06, ""max_depth"": 6, ""min_child_weight"": 2, ""subsample"": 0.85, ""colsample_bytree"": 0.85, ""reg_alpha"": 0.2, ""reg_lambda"": 0.5}",20.413922623484957,23.56711761441758,21.8235039806366,26.03284577511943,0.3631567000011273,42
XGBoost,8,11,"{""objective"": ""reg:squarederror"", ""learning_rate"": 0.06, ""max_depth"": 5, ""min_child_weight"": 2, ""subsample"": 0.85, ""colsample_bytree"": 0.85, ""reg_alpha"": 0.2, ""reg_lambda"": 0.5}",22.21528567075116,24.209890347121856,23.749251146316528,28.46005658652271,0.2940643000001728,42
XGBoost,8,12,"{""objective"": ""reg:absoluteerror"", ""learning_rate"": 0.04, ""max_depth"": 4, ""min_child_weight"": 2, ""subsample"": 0.8, ""colsample_bytree"": 0.8, ""reg_alpha"": 0.5, ""reg_lambda"": 1.0}",18.562144143928965,23.045444201708342,19.84386019706726,23.976135298351995,0.24329589999979362,42
Random Forest,1,1,"{""max_depth"": 15, ""min_samples_split"": 2, ""min_samples_leaf"": 1, ""max_features"": 1.0}",8.935751845499427,10.63493518176981,10.124206840950851,12.975073955616107,0.6791874000009557,42
Random Forest,1,2,"{""max_depth"": 12, ""min_samples_split"": 4, ""min_samples_leaf"": 2, ""max_features"": 0.8}",8.98407038857541,10.68053717271384,10.178951750255939,12.960511553378563,0.6386189999975613,42
Random Forest,1,3,"{""max_depth"": 10, ""min_samples_split"": 5, ""min_samples_leaf"": 2, ""max_features"": 0.8}",8.943740522643777,10.66028478195269,10.1332580121554,12.919455117710196,0.5461072000034619,42
Random Forest,1,4,"{""max_depth"": 10, ""min_samples_split"": 6, ""min_samples_leaf"": 3, ""max_features"": 0.7}",8.963481033251403,10.549406427322214,10.15562401067384,12.978556435092319,0.4836317000008421,42
Random Forest,1,5,"{""max_depth"": 8, ""min_samples_split"": 8, ""min_samples_leaf"": 3, ""max_features"": 0.7}",8.880341742439974,10.465187663076392,10.061427194184489,12.904433941986696,0.4886412999985623,42
Random Forest,1,6,"{""max_depth"": 8, ""min_samples_split"": 10, ""min_samples_leaf"": 4, ""max_features"": 0.6}",8.993163629925785,10.709379360564812,10.189254392705914,13.014732548159069,0.4711637000000337,42
Random Forest,1,7,"{""max_depth"": 6, ""min_samples_split"": 10, ""min_samples_leaf"": 4, ""max_features"": 0.6}",8.950806991895762,10.662142138925127,10.141264321817898,12.988677093656467,0.4444930999998178,42
Random Forest,1,8,"{""max_depth"": 6, ""min_samples_split"": 12, ""min_samples_leaf"": 5, ""max_features"": 0.5}",8.947375537743374,10.642528460700746,10.137376484263243,12.934412151350347,0.44831349999731174,42
Random Forest,1,9,"{""max_depth"": 5, ""min_samples_split"": 15, ""min_samples_leaf"": 6, ""max_features"": 0.5}",9.04396732453147,10.803840372606416,10.246814978694156,12.996916007244847,0.4285747000030824,42
Random Forest,1,10,"{""max_depth"": 12, ""min_samples_split"": 3, ""min_samples_leaf"": 1, ""max_features"": 0.75}",8.992975121356874,10.6146055410576,10.189040812497339,13.024374561103773,0.5364255999993475,42
Random Forest,2,1,"{""max_depth"": 15, ""min_samples_split"": 2, ""min_samples_leaf"": 1, ""max_features"": 1.0}",9.699944244485865,11.377521591286275,11.142325953640913,14.649386998992732,0.6392238000007637,42
Random Forest,2,2,"{""max_depth"": 12, ""min_samples_split"": 4, ""min_samples_leaf"": 2, ""max_features"": 0.8}",9.563677819609888,11.299617112789655,10.985796711385879,14.379505920280874,0.5679917000015848,42
Random Forest,2,3,"{""max_depth"": 10, ""min_samples_split"": 5, ""min_samples_leaf"": 2, ""max_features"": 0.8}",9.563055860902175,11.233650951558177,10.98508226741833,14.415046179962374,0.5164294999995036,42
Random Forest,2,4,"{""max_depth"": 10, ""min_samples_split"": 6, ""min_samples_leaf"": 3, ""max_features"": 0.7}",9.39638229292835,11.050770505798434,10.793624339886797,14.360575237669703,0.4832172999995237,42
Random Forest,2,5,"{""max_depth"": 8, ""min_samples_split"": 8, ""min_samples_leaf"": 3, ""max_features"": 0.7}",9.339528435166812,10.98608515757703,10.728316313476116,14.282068709826293,0.4702273000002606,42
Random Forest,2,6,"{""max_depth"": 8, ""min_samples_split"": 10, ""min_samples_leaf"": 4, ""max_features"": 0.6}",9.400479366106477,11.000382045340551,10.79833064784651,14.288929383037791,0.4510037000000011,42
Random Forest,2,7,"{""max_depth"": 6, ""min_samples_split"": 10, ""min_samples_leaf"": 4, ""max_features"": 0.6}",9.262681861716187,10.88790269558555,10.640042654553385,14.208403681205741,0.4465041999974346,42
Random Forest,2,8,"{""max_depth"": 6, ""min_samples_split"": 12, ""min_samples_leaf"": 5, ""max_features"": 0.5}",9.416709100822086,11.040234347217606,10.81697374411433,14.245375327520538,0.4351349000025948,42
Random Forest,2,9,"{""max_depth"": 5, ""min_samples_split"": 15, ""min_samples_leaf"": 6, ""max_features"": 0.5}",9.387868775378632,11.005000937092031,10.783844862277434,14.276223362583083,0.4312307000000146,42
Random Forest,2,10,"{""max_depth"": 12, ""min_samples_split"": 3, ""min_samples_leaf"": 1, ""max_features"": 0.75}",9.696272294077197,11.275683709814642,11.138107984206476,14.702757840085583,0.5330546000004688,42
Random Forest,3,1,"{""max_depth"": 15, ""min_samples_split"": 2, ""min_samples_leaf"": 1, ""max_features"": 1.0}",11.449448784667577,12.887403121905672,13.014588433531635,16.797818439344624,0.6082196999996086,42
Random Forest,3,2,"{""max_depth"": 12, ""min_samples_split"": 4, ""min_samples_leaf"": 2, ""max_features"": 0.8}",11.264812707562024,12.606595329057738,12.80471260468575,16.606571933188203,0.5311707000000752,42
Random Forest,3,3,"{""max_depth"": 10, ""min_samples_split"": 5, ""min_samples_leaf"": 2, ""max_features"": 0.8}",11.212970846518132,12.597949137058052,12.745783961237162,16.55344672866786,0.49751210000249557,42
Random Forest,3,4,"{""max_depth"": 10, ""min_samples_split"": 6, ""min_samples_leaf"": 3, ""max_features"": 0.7}",11.082700227650912,12.520313299848453,12.597705348770791,16.270539894293712,0.46362800000133575,42
Random Forest,3,5,"{""max_depth"": 8, ""min_samples_split"": 8, ""min_samples_leaf"": 3, ""max_features"": 0.7}",11.050216754136502,12.562144140188854,12.560781384426962,16.16295728585102,0.4526980000009644,42
Random Forest,3,6,"{""max_depth"": 8, ""min_samples_split"": 10, ""min_samples_leaf"": 4, ""max_features"": 0.6}",11.064228082989315,12.574066567192729,12.576708061933955,16.249290957323907,0.44896909999806667,42
Random Forest,3,7,"{""max_depth"": 6, ""min_samples_split"": 10, ""min_samples_leaf"": 4, ""max_features"": 0.6}",10.902570282508577,12.428618773303345,12.392951640127501,16.015181298037284,0.453121700000338,42
Random Forest,3,8,"{""max_depth"": 6, ""min_samples_split"": 12, ""min_samples_leaf"": 5, ""max_features"": 0.5}",11.066284999186147,12.63383922580366,12.579046158574892,16.1390940280524,0.430791799997678,42
Random Forest,3,9,"{""max_depth"": 5, ""min_samples_split"": 15, ""min_samples_leaf"": 6, ""max_features"": 0.5}",10.891916522374537,12.555913851921705,12.380841510983137,15.923351451398148,0.41848490000120364,42
Random Forest,3,10,"{""max_depth"": 12, ""min_samples_split"": 3, ""min_samples_leaf"": 1, ""max_features"": 0.75}",11.448913043048387,12.885561910482735,13.013979456033104,16.817706557795475,0.5182442000004812,42
Random Forest,4,1,"{""max_depth"": 15, ""min_samples_split"": 2, ""min_samples_leaf"": 1, ""max_features"": 1.0}",12.553067825931082,13.712701741429077,14.046255243825586,17.886126684521212,0.5851055999992241,42
Random Forest,4,2,"{""max_depth"": 12, ""min_samples_split"": 4, ""min_samples_leaf"": 2, ""max_features"": 0.8}",12.130172084582401,13.481201435722253,13.57305605404348,17.21918235498028,0.48279550000006566,42
Random Forest,4,3,"{""max_depth"": 10, ""min_samples_split"": 5, ""min_samples_leaf"": 2, ""max_features"": 0.8}",12.080179061581049,13.444997840012798,13.517116360956116,17.11617753151776,0.47600560000137193,42
Random Forest,4,4,"{""max_depth"": 10, ""min_samples_split"": 6, ""min_samples_leaf"": 3, ""max_features"": 0.7}",11.939642641754386,13.279332920311855,13.359863133991071,17.01285606483892,0.46686010000121314,42
Random Forest,4,5,"{""max_depth"": 8, ""min_samples_split"": 8, ""min_samples_leaf"": 3, ""max_features"": 0.7}",12.229519089071426,13.498506752139079,13.68422038471647,17.350922518850048,0.4438430000009248,42
Random Forest,4,6,"{""max_depth"": 8, ""min_samples_split"": 10, ""min_samples_leaf"": 4, ""max_features"": 0.6}",12.057908012579038,13.438077662385835,13.492196170675316,17.163572920981764,0.4518677999985812,42
Random Forest,4,7,"{""max_depth"": 6, ""min_samples_split"": 10, ""min_samples_leaf"": 4, ""max_features"": 0.6}",12.022686630495054,13.403593892062696,13.45278520519244,17.01650156743289,0.4411011000011058,42
Random Forest,4,8,"{""max_depth"": 6, ""min_samples_split"": 12, ""min_samples_leaf"": 5, ""max_features"": 0.5}",11.776238933640341,13.2822046008241,13.17702255479686,16.708060864258737,0.4266099000014947,42
Random Forest,4,9,"{""max_depth"": 5, ""min_samples_split"": 15, ""min_samples_leaf"": 6, ""max_features"": 0.5}",12.014805975098193,13.527570519937369,13.443967145836123,16.9184275953979,0.4161677000010968,42
Random Forest,4,10,"{""max_depth"": 12, ""min_samples_split"": 3, ""min_samples_leaf"": 1, ""max_features"": 0.75}",12.359829617493933,13.681271723210289,13.830031350494835,17.608912890824847,0.5025139999997918,42
Random Forest,5,1,"{""max_depth"": 15, ""min_samples_split"": 2, ""min_samples_leaf"": 1, ""max_features"": 1.0}",13.18256644690163,14.691678233840006,14.763156163885137,19.020773820750733,0.5451858000014909,42
Random Forest,5,2,"{""max_depth"": 12, ""min_samples_split"": 4, ""min_samples_leaf"": 2, ""max_features"": 0.8}",13.043261044907586,14.581197707355978,14.607148044192007,18.706961933824054,0.47180540000044857,42
Random Forest,5,3,"{""max_depth"": 10, ""min_samples_split"": 5, ""min_samples_leaf"": 2, ""max_features"": 0.8}",13.035748114483267,14.539640397564067,14.598734313409812,18.77151313669582,0.45721059999777935,42
Random Forest,5,4,"{""max_depth"": 10, ""min_samples_split"": 6, ""min_samples_leaf"": 3, ""max_features"": 0.7}",12.941743745130896,14.738440154495187,14.49345882017209,18.543478495907323,0.43923410000206786,42
Random Forest,5,5,"{""max_depth"": 8, ""min_samples_split"": 8, ""min_samples_leaf"": 3, ""max_features"": 0.7}",13.092502746418463,14.785266125353012,14.662293825714038,18.677579846826166,0.4603960000022198,42
Random Forest,5,6,"{""max_depth"": 8, ""min_samples_split"": 10, ""min_samples_leaf"": 4, ""max_features"": 0.6}",13.10972563619561,14.809659738700583,14.681581739975464,18.84486149039008,0.4341710000007879,42
Random Forest,5,7,"{""max_depth"": 6, ""min_samples_split"": 10, ""min_samples_leaf"": 4, ""max_features"": 0.6}",13.109714301674599,14.808067456517652,14.681569046445384,18.792152840974467,0.42941789999895263,42
Random Forest,5,8,"{""max_depth"": 6, ""min_samples_split"": 12, ""min_samples_leaf"": 5, ""max_features"": 0.5}",13.025968790440068,14.785634842436899,14.587782448413831,18.671559879264716,0.41617609999957494,42
Random Forest,5,9,"{""max_depth"": 5, ""min_samples_split"": 15, ""min_samples_leaf"": 6, ""max_features"": 0.5}",13.166231777991314,14.965778913619154,14.744862968172471,18.77268400677612,0.41640320000078646,42
Random Forest,5,10,"{""max_depth"": 12, ""min_samples_split"": 3, ""min_samples_leaf"": 1, ""max_features"": 0.75}",13.215473326735939,14.707108782056885,14.800008578611575,18.971756145454716,0.49324110000088695,42
Random Forest,6,1,"{""max_depth"": 15, ""min_samples_split"": 2, ""min_samples_leaf"": 1, ""max_features"": 1.0}",15.173483345291288,16.775626453959994,17.005681459235213,22.04352569085207,0.5397888000006787,42
Random Forest,6,2,"{""max_depth"": 12, ""min_samples_split"": 4, ""min_samples_leaf"": 2, ""max_features"": 0.8}",15.003874713831506,16.68201254677237,16.81559258552666,21.75108849933481,0.46216310000090743,42
Random Forest,6,3,"{""max_depth"": 10, ""min_samples_split"": 5, ""min_samples_leaf"": 2, ""max_features"": 0.8}",15.105684678980877,16.708040642634742,16.929696103967817,21.88750958501995,0.45406160000129603,42
Random Forest,6,4,"{""max_depth"": 10, ""min_samples_split"": 6, ""min_samples_leaf"": 3, ""max_features"": 0.7}",14.877633836843247,16.59904656353269,16.674108122642068,21.50186324821326,0.4366946999980428,42
Random Forest,6,5,"{""max_depth"": 8, ""min_samples_split"": 8, ""min_samples_leaf"": 3, ""max_features"": 0.7}",14.74021988523448,16.5709374209964,16.520101436376542,21.30033055821356,0.4524727999996685,42
Random Forest,6,6,"{""max_depth"": 8, ""min_samples_split"": 10, ""min_samples_leaf"": 4, ""max_features"": 0.6}",14.783984623549479,16.521193536020235,16.569150766843077,21.395188321725893,0.426709799998207,42
Random Forest,6,7,"{""max_depth"": 6, ""min_samples_split"": 10, ""min_samples_leaf"": 4, ""max_features"": 0.6}",14.657989326062005,16.42043533040821,16.427941537183994,21.314784273729877,0.43608400000084657,42
Random Forest,6,8,"{""max_depth"": 6, ""min_samples_split"": 12, ""min_samples_leaf"": 5, ""max_features"": 0.5}",14.61706168962177,16.51140415576763,16.3820718886436,21.157887793379928,0.42175240000142367,42
Random Forest,6,9,"{""max_depth"": 5, ""min_samples_split"": 15, ""min_samples_leaf"": 6, ""max_features"": 0.5}",14.597427102794795,16.462627996030484,16.360066425457266,21.236811990541867,0.41242659999988973,42
Random Forest,6,10,"{""max_depth"": 12, ""min_samples_split"": 3, ""min_samples_leaf"": 1, ""max_features"": 0.75}",15.112391428214503,16.615047615310644,16.937212693171404,22.0891582790288,0.4706086000005598,42
Random Forest,7,1,"{""max_depth"": 15, ""min_samples_split"": 2, ""min_samples_leaf"": 1, ""max_features"": 1.0}",20.743494072980404,22.8954911674942,22.230802598013096,27.075203311146065,0.5183288000007451,42
Random Forest,7,2,"{""max_depth"": 12, ""min_samples_split"": 4, ""min_samples_leaf"": 2, ""max_features"": 0.8}",20.22679378008025,22.467659797480056,21.677054894112004,26.538488456661522,0.4568920999990951,42
Random Forest,7,3,"{""max_depth"": 10, ""min_samples_split"": 5, ""min_samples_leaf"": 2, ""max_features"": 0.8}",20.35125881095342,22.686244905263276,21.810444067698782,26.580536447749914,0.4591605999994499,42
Random Forest,7,4,"{""max_depth"": 10, ""min_samples_split"": 6, ""min_samples_leaf"": 3, ""max_features"": 0.7}",20.508801399286693,22.74066832128272,21.97928245961555,26.974089560547696,0.4350525999980164,42
Random Forest,7,5,"{""max_depth"": 8, ""min_samples_split"": 8, ""min_samples_leaf"": 3, ""max_features"": 0.7}",20.244380180689156,22.589514245132836,21.69590223964457,26.629988662517473,0.4242515000005369,42
Random Forest,7,6,"{""max_depth"": 8, ""min_samples_split"": 10, ""min_samples_leaf"": 4, ""max_features"": 0.6}",20.394363672111243,22.616748089269787,21.85663954740162,26.933406833102573,0.42496870000104536,42
Random Forest,7,7,"{""max_depth"": 6, ""min_samples_split"": 10, ""min_samples_leaf"": 4, ""max_features"": 0.6}",20.25085613992232,22.471747442511536,21.70284252515475,26.723648486741236,0.4253293000001577,42
Random Forest,7,8,"{""max_depth"": 6, ""min_samples_split"": 12, ""min_samples_leaf"": 5, ""max_features"": 0.5}",20.456110164577122,22.687217939063274,21.922813263377304,27.00002823007927,0.4193602000013925,42
Random Forest,7,9,"{""max_depth"": 5, ""min_samples_split"": 15, ""min_samples_leaf"": 6, ""max_features"": 0.5}",19.941378953047113,22.248848860893318,21.371175823980593,26.37639108414557,0.4305908999995154,42
Random Forest,7,10,"{""max_depth"": 12, ""min_samples_split"": 3, ""min_samples_leaf"": 1, ""max_features"": 0.75}",20.47671962706625,22.697974539572183,21.944900424326903,26.74029151351627,0.46113530000002356,42
Random Forest,8,1,"{""max_depth"": 15, ""min_samples_split"": 2, ""min_samples_leaf"": 1, ""max_features"": 1.0}",22.876277215890656,24.732035819393367,24.455884157647905,29.118686827728773,0.4970205999998143,42
Random Forest,8,2,"{""max_depth"": 12, ""min_samples_split"": 4, ""min_samples_leaf"": 2, ""max_features"": 0.8}",22.58805078177236,24.647876333888004,24.147755688253742,28.732549036993063,0.4355854999994335,42
Random Forest,8,3,"{""max_depth"": 10, ""min_samples_split"": 5, ""min_samples_leaf"": 2, ""max_features"": 0.8}",22.60872195702123,24.631728119880563,24.16985420815355,28.889633432733554,0.4432301999986521,42
Random Forest,8,4,"{""max_depth"": 10, ""min_samples_split"": 6, ""min_samples_leaf"": 3, ""max_features"": 0.7}",22.620460229085822,24.55125422604811,24.182403007904195,29.016897915120424,0.430255399998714,42
Random Forest,8,5,"{""max_depth"": 8, ""min_samples_split"": 8, ""min_samples_leaf"": 3, ""max_features"": 0.7}",22.656134038125106,24.689119916998678,24.220540093457643,28.96459281930626,0.43572449999919627,42
Random Forest,8,6,"{""max_depth"": 8, ""min_samples_split"": 10, ""min_samples_leaf"": 4, ""max_features"": 0.6}",22.427470967897936,24.448456622508616,23.976087838231287,28.653976716565374,0.42853570000079344,42
Random Forest,8,7,"{""max_depth"": 6, ""min_samples_split"": 10, ""min_samples_leaf"": 4, ""max_features"": 0.6}",22.346875428106912,24.41579541405781,23.889927176417697,28.644571753696294,0.3991792999986501,42
Random Forest,8,8,"{""max_depth"": 6, ""min_samples_split"": 12, ""min_samples_leaf"": 5, ""max_features"": 0.5}",22.37064487009389,24.518670807006323,23.915337898373874,28.63676180164074,0.40875769999911427,42
Random Forest,8,9,"{""max_depth"": 5, ""min_samples_split"": 15, ""min_samples_leaf"": 6, ""max_features"": 0.5}",22.278391593258657,24.57249371941069,23.816714532773165,28.520464899991715,0.4190892000005988,42
Random Forest,8,10,"{""max_depth"": 12, ""min_samples_split"": 3, ""min_samples_leaf"": 1, ""max_features"": 0.75}",23.22655152570737,25.02991107812426,24.830344908557468,29.557368730993698,0.45632669999758946,42
