origin_date,sku,product_name,category,subcategory,recommendation_code,recommendation_title,recommended_action,priority,priority_rank,rationale,triggering_risk,confidence_status,required_follow_up,current_stock,on_order,lead_time_days,safety_stock,reorder_point,avg_weekly_demand,weeks_of_cover,excess_weeks_of_cover,earliest_breach_week,earliest_stockout_week,projected_stockout_date,valuation_basis_confirmed,arrival_timing_confirmed,on_order_policy,overstock_threshold_weeks,overstock_threshold_status,monetary_valuation_blocked
2025-09-16,SKU010,Product 010,Storage,Sofa,EXPEDITE_PO,Expedite Inbound Shipment,Expedite existing inbound purchase order of 46 units immediately or arrange emergency split-shipment. Physical stock of 37 units will be depleted in week 1.,1 — CRITICAL,1,"Projected inventory position drops to -67 units (stockout) in week 1, which is within the supplier lead time of 9 days. Open orders exist but require delivery acceleration.",STOCKOUT_IMMINENT,MEDIUM_CONFIDENCE,Contact supplier within 24 hours to expedite shipment and obtain tracking confirmation.,37.0,46.0,9.0,19.0,48.0,100.66453156645622,0.8245207990185248,0.0,1.0,1.0,2025-09-23,False,False,Policy_B_LT,8,ENGINEERING_RECOMMENDATION_PENDING_BUSINESS_APPROVAL,True
2025-09-16,SKU012,Product 012,Home Decor,Table,EXPEDITE_PO,Expedite Inbound Shipment,Expedite existing inbound purchase order of 17 units immediately or arrange emergency split-shipment. Physical stock of 43 units will be depleted in week 1.,1 — CRITICAL,1,"Projected inventory position drops to -124 units (stockout) in week 1, which is within the supplier lead time of 12 days. Open orders exist but require delivery acceleration.",STOCKOUT_IMMINENT,MEDIUM_CONFIDENCE,Contact supplier within 24 hours to expedite shipment and obtain tracking confirmation.,43.0,17.0,12.0,21.0,57.0,159.8716211324164,0.37530112958762063,0.0,1.0,1.0,2025-09-23,False,False,Policy_B_LT,8,ENGINEERING_RECOMMENDATION_PENDING_BUSINESS_APPROVAL,True
2025-09-16,SKU019,Product 019,Lighting,Organizer,EXPEDITE_PO,Expedite Inbound Shipment,Expedite existing inbound purchase order of 192 units immediately or arrange emergency split-shipment. Physical stock of 78 units will be depleted in week 1.,1 — CRITICAL,1,"Projected inventory position drops to -12 units (stockout) in week 1, which is within the supplier lead time of 11 days. Open orders exist but require delivery acceleration.",STOCKOUT_IMMINENT,MEDIUM_CONFIDENCE,Contact supplier within 24 hours to expedite shipment and obtain tracking confirmation.,78.0,192.0,11.0,44.0,118.0,89.16116995308809,3.028224059218377,0.0,1.0,1.0,2025-09-23,False,False,Policy_B_LT,8,ENGINEERING_RECOMMENDATION_PENDING_BUSINESS_APPROVAL,True
2025-09-16,SKU026,Product 026,Furniture,Shelf,EXPEDITE_PO,Expedite Inbound Shipment,Expedite existing inbound purchase order of 18 units immediately or arrange emergency split-shipment. Physical stock of 110 units will be depleted in week 1.,1 — CRITICAL,1,"Projected inventory position drops to -9 units (stockout) in week 1, which is within the supplier lead time of 3 days. Open orders exist but require delivery acceleration.",STOCKOUT_IMMINENT,MEDIUM_CONFIDENCE,Contact supplier within 24 hours to expedite shipment and obtain tracking confirmation.,110.0,18.0,3.0,25.0,41.0,135.08423924295658,0.947556877969937,0.0,1.0,1.0,2025-09-23,False,False,Policy_B_LT,8,ENGINEERING_RECOMMENDATION_PENDING_BUSINESS_APPROVAL,True
2025-09-16,SKU031,Product 031,Furniture,Chair,EXPEDITE_PO,Expedite Inbound Shipment,Expedite existing inbound purchase order of 1 units immediately or arrange emergency split-shipment. Physical stock of 202 units will be depleted in week 2.,1 — CRITICAL,1,"Projected inventory position drops to -31 units (stockout) in week 2, which is within the supplier lead time of 8 days. Open orders exist but require delivery acceleration.",STOCKOUT_IMMINENT,MEDIUM_CONFIDENCE,Contact supplier within 24 hours to expedite shipment and obtain tracking confirmation.,202.0,1.0,8.0,23.0,72.0,112.63904229092218,1.8022170276953802,0.0,2.0,2.0,2025-09-30,False,False,Policy_B_LT,8,ENGINEERING_RECOMMENDATION_PENDING_BUSINESS_APPROVAL,True
2025-09-16,SKU034,Product 034,Lighting,Cookware,EXPEDITE_PO,Expedite Inbound Shipment,Expedite existing inbound purchase order of 61 units immediately or arrange emergency split-shipment. Physical stock of 94 units will be depleted in week 1.,1 — CRITICAL,1,"Projected inventory position drops to -26 units (stockout) in week 1, which is within the supplier lead time of 13 days. Open orders exist but require delivery acceleration.",STOCKOUT_IMMINENT,MEDIUM_CONFIDENCE,Contact supplier within 24 hours to expedite shipment and obtain tracking confirmation.,94.0,61.0,13.0,29.0,96.0,111.26266476525296,1.3930998356638864,0.0,1.0,1.0,2025-09-23,False,False,Policy_B_LT,8,ENGINEERING_RECOMMENDATION_PENDING_BUSINESS_APPROVAL,True
2025-09-16,SKU040,Product 040,Storage,Sofa,EXPEDITE_PO,Expedite Inbound Shipment,Expedite existing inbound purchase order of 122 units immediately or arrange emergency split-shipment. Physical stock of 32 units will be depleted in week 1.,1 — CRITICAL,1,"Projected inventory position drops to -72 units (stockout) in week 1, which is within the supplier lead time of 11 days. Open orders exist but require delivery acceleration.",STOCKOUT_IMMINENT,MEDIUM_CONFIDENCE,Contact supplier within 24 hours to expedite shipment and obtain tracking confirmation.,32.0,122.0,11.0,29.0,84.0,96.42745906314042,1.5970554600962912,0.0,1.0,1.0,2025-09-23,False,False,Policy_B_LT,8,ENGINEERING_RECOMMENDATION_PENDING_BUSINESS_APPROVAL,True
2025-09-16,SKU045,Product 045,Storage,Lamp,EXPEDITE_PO,Expedite Inbound Shipment,Expedite existing inbound purchase order of 279 units immediately or arrange emergency split-shipment. Physical stock of 104 units will be depleted in week 1.,1 — CRITICAL,1,"Projected inventory position drops to -58 units (stockout) in week 1, which is within the supplier lead time of 9 days. Open orders exist but require delivery acceleration.",STOCKOUT_IMMINENT,MEDIUM_CONFIDENCE,Contact supplier within 24 hours to expedite shipment and obtain tracking confirmation.,104.0,279.0,9.0,82.0,217.0,150.67154230830772,2.5419531394740504,0.0,1.0,1.0,2025-09-23,False,False,Policy_B_LT,8,ENGINEERING_RECOMMENDATION_PENDING_BUSINESS_APPROVAL,True
2025-09-16,SKU001,Product 001,Furniture,Chair,PLACE_PO,Issue Replenishment Purchase Order,Place replenishment purchase order for ~597 units. Target supplier delivery on or before week 1.,2 — HIGH,2,"Projected inventory position (135 units) breaches Reorder Point (547 units) in week 1, inside the supplier lead time window of 13 days.",REORDER_POINT_BREACH_LT,MEDIUM_CONFIDENCE,Create purchase order requisition and transmit to vendor within 48 hours.,226.0,257.0,13.0,153.0,547.0,89.51382196093657,5.395814740328919,0.0,1.0,6.0,2025-10-28,False,False,Policy_B_LT,8,ENGINEERING_RECOMMENDATION_PENDING_BUSINESS_APPROVAL,True
2025-09-16,SKU002,Product 002,Home Decor,Table,PLACE_PO,Issue Replenishment Purchase Order,Place replenishment purchase order for ~282 units. Target supplier delivery on or before week 1.,2 — HIGH,2,"Projected inventory position (53 units) breaches Reorder Point (240 units) in week 1, inside the supplier lead time window of 10 days.",REORDER_POINT_BREACH_LT,MEDIUM_CONFIDENCE,Create purchase order requisition and transmit to vendor within 48 hours.,120.0,34.0,10.0,57.0,240.0,65.05950650987674,2.3670637584166294,0.0,1.0,3.0,2025-10-07,False,False,Policy_B_LT,8,ENGINEERING_RECOMMENDATION_PENDING_BUSINESS_APPROVAL,True
2025-09-16,SKU003,Product 003,Kitchen,Cushion,PLACE_PO,Issue Replenishment Purchase Order,Issue a calibrated replenishment order for ~143 units to protect week 1 Reorder Point breach. Note: Long-horizon inventory indicates 0.5 weeks of terminal surplus; do not exceed required batch size.,2 — HIGH,2,Inventory position breaches Reorder Point (141 units) in week 1 (lead time is 8 days). Reorder takes strict precedence over terminal surplus to prevent intermediate stockout.,REORDER_POINT_BREACH_LT,MEDIUM_CONFIDENCE,Create purchase order requisition and transmit to vendor within 48 hours.,73.0,281.0,8.0,59.0,141.0,34.69859262773585,10.202142887980848,0.5017857399840406,1.0,,,False,False,Policy_B_LT,8,ENGINEERING_RECOMMENDATION_PENDING_BUSINESS_APPROVAL,True
2025-09-16,SKU007,Product 007,Home Decor,Cabinet,PLACE_PO,Issue Replenishment Purchase Order,Place replenishment purchase order for ~584 units. Target supplier delivery on or before week 1.,2 — HIGH,2,"Projected inventory position (208 units) breaches Reorder Point (340 units) in week 1, inside the supplier lead time window of 14 days.",REORDER_POINT_BREACH_LT,MEDIUM_CONFIDENCE,Create purchase order requisition and transmit to vendor within 48 hours.,367.0,183.0,14.0,97.0,340.0,145.9912135247818,3.7673500118323098,0.0,1.0,4.0,2025-10-14,False,False,Policy_B_LT,8,ENGINEERING_RECOMMENDATION_PENDING_BUSINESS_APPROVAL,True
2025-09-16,SKU018,Product 018,Kitchen,Rug,PLACE_PO,Issue Replenishment Purchase Order,Place replenishment purchase order for ~611 units. Target supplier delivery on or before week 1.,2 — HIGH,2,"Projected inventory position (119 units) breaches Reorder Point (305 units) in week 1, inside the supplier lead time window of 11 days.",REORDER_POINT_BREACH_LT,MEDIUM_CONFIDENCE,Create purchase order requisition and transmit to vendor within 48 hours.,277.0,317.0,11.0,125.0,305.0,152.81764618934062,3.8869856643651985,0.0,1.0,4.0,2025-10-14,False,False,Policy_B_LT,8,ENGINEERING_RECOMMENDATION_PENDING_BUSINESS_APPROVAL,True
2025-09-16,SKU021,Product 021,Furniture,Chair,PLACE_PO,Issue Replenishment Purchase Order,Place replenishment purchase order for ~200 units. Target supplier delivery on or before week 1.,2 — HIGH,2,"Projected inventory position (33 units) breaches Reorder Point (74 units) in week 1, inside the supplier lead time window of 9 days.",REORDER_POINT_BREACH_LT,MEDIUM_CONFIDENCE,Create purchase order requisition and transmit to vendor within 48 hours.,89.0,123.0,9.0,21.0,74.0,49.99057301203224,4.240799559328389,0.0,1.0,4.0,2025-10-14,False,False,Policy_B_LT,8,ENGINEERING_RECOMMENDATION_PENDING_BUSINESS_APPROVAL,True
2025-09-16,SKU030,Product 030,Storage,Sofa,PLACE_PO,Issue Replenishment Purchase Order,Place replenishment purchase order for ~111 units. Target supplier delivery on or before week 1.,2 — HIGH,2,"Projected inventory position (54 units) breaches Reorder Point (82 units) in week 1, inside the supplier lead time window of 10 days.",REORDER_POINT_BREACH_LT,MEDIUM_CONFIDENCE,Create purchase order requisition and transmit to vendor within 48 hours.,86.0,137.0,10.0,19.0,82.0,27.673994005539377,8.058106826046256,0.0,1.0,,,False,False,Policy_B_LT,8,ENGINEERING_RECOMMENDATION_PENDING_BUSINESS_APPROVAL,True
2025-09-16,SKU039,Product 039,Lighting,Organizer,PLACE_PO,Issue Replenishment Purchase Order,Issue a calibrated replenishment order for ~102 units to protect week 1 Reorder Point breach. Note: Long-horizon inventory indicates 2.2 weeks of terminal surplus; do not exceed required batch size.,2 — HIGH,2,Inventory position breaches Reorder Point (107 units) in week 1 (lead time is 14 days). Reorder takes strict precedence over terminal surplus to prevent intermediate stockout.,REORDER_POINT_BREACH_LT,MEDIUM_CONFIDENCE,Create purchase order requisition and transmit to vendor within 48 hours.,67.0,150.0,14.0,32.0,107.0,18.169933038925688,11.942806808099844,2.1816555737256738,1.0,,,False,False,Policy_B_LT,8,ENGINEERING_RECOMMENDATION_PENDING_BUSINESS_APPROVAL,True
2025-09-16,SKU042,Product 042,Home Decor,Table,PLACE_PO,Issue Replenishment Purchase Order,Place replenishment purchase order for ~555 units. Target supplier delivery on or before week 1.,2 — HIGH,2,"Projected inventory position (54 units) breaches Reorder Point (123 units) in week 1, inside the supplier lead time window of 13 days.",REORDER_POINT_BREACH_LT,MEDIUM_CONFIDENCE,Create purchase order requisition and transmit to vendor within 48 hours.,206.0,190.0,13.0,41.0,123.0,138.67389829254637,2.855620306891486,0.0,1.0,3.0,2025-10-07,False,False,Policy_B_LT,8,ENGINEERING_RECOMMENDATION_PENDING_BUSINESS_APPROVAL,True
2025-09-16,SKU049,Product 049,Lighting,Organizer,PLACE_PO,Issue Replenishment Purchase Order,Place replenishment purchase order for ~625 units. Target supplier delivery on or before week 1.,2 — HIGH,2,"Projected inventory position (187 units) breaches Reorder Point (408 units) in week 1, inside the supplier lead time window of 10 days.",REORDER_POINT_BREACH_LT,MEDIUM_CONFIDENCE,Create purchase order requisition and transmit to vendor within 48 hours.,349.0,247.0,10.0,136.0,408.0,156.36283964041914,3.8116473285506673,0.0,1.0,4.0,2025-10-14,False,False,Policy_B_LT,8,ENGINEERING_RECOMMENDATION_PENDING_BUSINESS_APPROVAL,True
2025-09-16,SKU004,Product 004,Lighting,Cookware,FREEZE_REPLENISHMENT,Halt Inbound Replenishment,"FREEZE REPLENISHMENT: Severe overstock detected (389 excess units, 13.5 weeks of cover above safety buffer). Suspend all new purchase orders for 14 weeks. Evaluate immediate promotional markdowns, bundle offers, or stock transfers.",3 — MEDIUM,3,Projected inventory position at horizon h=8 exceeds required safety stock by 389 units (13.5 surplus weeks of demand). Evaluated against approved 8-week production forecast horizon.,EXCESS_INVENTORY,MEDIUM_CONFIDENCE,Escalate to merchandise planning for promotional markdown or supplier return assessment.,424.0,246.0,10.0,50.0,215.0,28.87127591445615,23.20645620183776,13.474631112148373,,,,False,False,Policy_B_LT,8,ENGINEERING_RECOMMENDATION_PENDING_BUSINESS_APPROVAL,True
2025-09-16,SKU006,Product 006,Furniture,Shelf,REVIEW_PIPELINE,Review Replenishment Pipeline,"Prepare replenishment purchase order for week 6. Current pipeline is adequate through week 6, with Reorder Point breach projected in week 7.",3 — MEDIUM,3,"Inventory position remains above Reorder Point during immediate lead time, but declines to 145 units (below Reorder Point of 154 units) in week 7.",REORDER_POINT_BREACH_HORIZON,MEDIUM_CONFIDENCE,Review open purchase order ETAs during weekly inventory planning meeting.,193.0,243.0,3.0,106.0,154.0,41.14141701377706,10.597593171231713,0.021114097491893476,7.0,,,False,False,Policy_B_LT,8,ENGINEERING_RECOMMENDATION_PENDING_BUSINESS_APPROVAL,True
2025-09-16,SKU008,Product 008,Kitchen,Rug,REVIEW_PIPELINE,Review Replenishment Pipeline,"Prepare replenishment purchase order for week 2. Current pipeline is adequate through week 3, with Reorder Point breach projected in week 4.",3 — MEDIUM,3,"Inventory position remains above Reorder Point during immediate lead time, but declines to 408 units (below Reorder Point of 420 units) in week 4.",REORDER_POINT_BREACH_HORIZON,MEDIUM_CONFIDENCE,Review open purchase order ETAs during weekly inventory planning meeting.,759.0,25.0,11.0,157.0,420.0,88.63205558291045,8.845558131804928,0.0,4.0,,,False,False,Policy_B_LT,8,ENGINEERING_RECOMMENDATION_PENDING_BUSINESS_APPROVAL,True
2025-09-16,SKU009,Product 009,Lighting,Organizer,REVIEW_PIPELINE,Review Replenishment Pipeline,"Prepare replenishment purchase order for week 2. Current pipeline is adequate through week 2, with Reorder Point breach projected in week 3.",3 — MEDIUM,3,"Inventory position remains above Reorder Point during immediate lead time, but declines to 21 units (below Reorder Point of 68 units) in week 3.",REORDER_POINT_BREACH_HORIZON,MEDIUM_CONFIDENCE,Review open purchase order ETAs during weekly inventory planning meeting.,129.0,97.0,3.0,38.0,68.0,66.8598608878468,3.3802044604774264,0.0,3.0,4.0,2025-10-14,False,False,Policy_B_LT,8,ENGINEERING_RECOMMENDATION_PENDING_BUSINESS_APPROVAL,True
2025-09-16,SKU011,Product 011,Furniture,Chair,FREEZE_REPLENISHMENT,Halt Inbound Replenishment,"FREEZE REPLENISHMENT: Severe overstock detected (1251 excess units, 71.6 weeks of cover above safety buffer). Suspend all new purchase orders for 72 weeks. Evaluate immediate promotional markdowns, bundle offers, or stock transfers.",3 — MEDIUM,3,Projected inventory position at horizon h=8 exceeds required safety stock by 1251 units (71.6 surplus weeks of demand). Evaluated against approved 8-week production forecast horizon.,EXCESS_INVENTORY,MEDIUM_CONFIDENCE,Escalate to merchandise planning for promotional markdown or supplier return assessment.,592.0,979.0,14.0,180.0,515.0,17.475780130078483,89.89584375097907,71.59587438422145,,,,False,False,Policy_B_LT,8,ENGINEERING_RECOMMENDATION_PENDING_BUSINESS_APPROVAL,True
2025-09-16,SKU013,Product 013,Kitchen,Cushion,REVIEW_PIPELINE,Review Replenishment Pipeline,"Prepare replenishment purchase order for week 3. Current pipeline is adequate through week 3, with Reorder Point breach projected in week 4.",3 — MEDIUM,3,"Inventory position remains above Reorder Point during immediate lead time, but declines to 81 units (below Reorder Point of 133 units) in week 4.",REORDER_POINT_BREACH_HORIZON,MEDIUM_CONFIDENCE,Review open purchase order ETAs during weekly inventory planning meeting.,202.0,226.0,7.0,69.0,133.0,85.46323582846372,5.008001345269139,0.0,4.0,5.0,2025-10-21,False,False,Policy_B_LT,8,ENGINEERING_RECOMMENDATION_PENDING_BUSINESS_APPROVAL,True
2025-09-16,SKU014,Product 014,Lighting,Cookware,REVIEW_PIPELINE,Review Replenishment Pipeline,"Prepare replenishment purchase order for week 2. Current pipeline is adequate through week 2, with Reorder Point breach projected in week 3.",3 — MEDIUM,3,"Inventory position remains above Reorder Point during immediate lead time, but declines to 187 units (below Reorder Point of 230 units) in week 3.",REORDER_POINT_BREACH_HORIZON,MEDIUM_CONFIDENCE,Review open purchase order ETAs during weekly inventory planning meeting.,346.0,269.0,7.0,117.0,230.0,132.05741330376168,4.657065321924502,0.0,3.0,5.0,2025-10-21,False,False,Policy_B_LT,8,ENGINEERING_RECOMMENDATION_PENDING_BUSINESS_APPROVAL,True
2025-09-16,SKU015,Product 015,Storage,Lamp,REVIEW_PIPELINE,Review Replenishment Pipeline,"Prepare replenishment purchase order for week 5. Current pipeline is adequate through week 5, with Reorder Point breach projected in week 6.",3 — MEDIUM,3,"Inventory position remains above Reorder Point during immediate lead time, but declines to 176 units (below Reorder Point of 182 units) in week 6.",REORDER_POINT_BREACH_HORIZON,MEDIUM_CONFIDENCE,Review open purchase order ETAs during weekly inventory planning meeting.,268.0,69.0,6.0,76.0,182.0,26.333284142430024,12.797492260260926,1.9114109196679572,6.0,,,False,False,Policy_B_LT,8,ENGINEERING_RECOMMENDATION_PENDING_BUSINESS_APPROVAL,True
2025-09-16,SKU016,Product 016,Furniture,Shelf,REVIEW_PIPELINE,Review Replenishment Pipeline,"Prepare replenishment purchase order for week 2. Current pipeline is adequate through week 3, with Reorder Point breach projected in week 4.",3 — MEDIUM,3,"Inventory position remains above Reorder Point during immediate lead time, but declines to 80 units (below Reorder Point of 131 units) in week 4.",REORDER_POINT_BREACH_HORIZON,MEDIUM_CONFIDENCE,Review open purchase order ETAs during weekly inventory planning meeting.,312.0,96.0,9.0,51.0,131.0,82.546853217781,4.942647527987351,0.0,4.0,5.0,2025-10-21,False,False,Policy_B_LT,8,ENGINEERING_RECOMMENDATION_PENDING_BUSINESS_APPROVAL,True
2025-09-16,SKU017,Product 017,Home Decor,Cabinet,REVIEW_PIPELINE,Review Replenishment Pipeline,"Prepare replenishment purchase order for week 3. Current pipeline is adequate through week 3, with Reorder Point breach projected in week 4.",3 — MEDIUM,3,"Inventory position remains above Reorder Point during immediate lead time, but declines to 128 units (below Reorder Point of 134 units) in week 4.",REORDER_POINT_BREACH_HORIZON,MEDIUM_CONFIDENCE,Review open purchase order ETAs during weekly inventory planning meeting.,239.0,206.0,6.0,71.0,134.0,80.40357597180956,5.53457970769885,0.0,4.0,6.0,2025-10-28,False,False,Policy_B_LT,8,ENGINEERING_RECOMMENDATION_PENDING_BUSINESS_APPROVAL,True
2025-09-16,SKU022,Product 022,Home Decor,Table,REVIEW_PIPELINE,Review Replenishment Pipeline,"Prepare replenishment purchase order for week 3. Current pipeline is adequate through week 4, with Reorder Point breach projected in week 5.",3 — MEDIUM,3,"Inventory position remains above Reorder Point during immediate lead time, but declines to 103 units (below Reorder Point of 133 units) in week 5.",REORDER_POINT_BREACH_HORIZON,MEDIUM_CONFIDENCE,Review open purchase order ETAs during weekly inventory planning meeting.,332.0,76.0,8.0,43.0,133.0,60.42218903998165,6.752486238623768,0.0,5.0,7.0,2025-11-04,False,False,Policy_B_LT,8,ENGINEERING_RECOMMENDATION_PENDING_BUSINESS_APPROVAL,True
2025-09-16,SKU023,Product 023,Kitchen,Cushion,REVIEW_PIPELINE,Review Replenishment Pipeline,"Prepare replenishment purchase order for week 2. Current pipeline is adequate through week 2, with Reorder Point breach projected in week 3.",3 — MEDIUM,3,"Inventory position remains above Reorder Point during immediate lead time, but declines to 78 units (below Reorder Point of 112 units) in week 3.",REORDER_POINT_BREACH_HORIZON,MEDIUM_CONFIDENCE,Review open purchase order ETAs during weekly inventory planning meeting.,276.0,63.0,5.0,67.0,112.0,82.49643924402044,4.109268267897655,0.0,3.0,5.0,2025-10-21,False,False,Policy_B_LT,8,ENGINEERING_RECOMMENDATION_PENDING_BUSINESS_APPROVAL,True
2025-09-16,SKU024,Product 024,Lighting,Cookware,REVIEW_PIPELINE,Review Replenishment Pipeline,"Prepare replenishment purchase order for week 1. Current pipeline is adequate through week 1, with Reorder Point breach projected in week 2.",3 — MEDIUM,3,"Inventory position remains above Reorder Point during immediate lead time, but declines to 12 units (below Reorder Point of 87 units) in week 2.",REORDER_POINT_BREACH_HORIZON,MEDIUM_CONFIDENCE,Review open purchase order ETAs during weekly inventory planning meeting.,75.0,99.0,3.0,46.0,87.0,78.09547615333534,2.228041988736485,0.0,2.0,3.0,2025-10-07,False,False,Policy_B_LT,8,ENGINEERING_RECOMMENDATION_PENDING_BUSINESS_APPROVAL,True
2025-09-16,SKU025,Product 025,Storage,Lamp,FREEZE_REPLENISHMENT,Halt Inbound Replenishment,"FREEZE REPLENISHMENT: Severe overstock detected (497 excess units, 26.0 weeks of cover above safety buffer). Suspend all new purchase orders for 27 weeks. Evaluate immediate promotional markdowns, bundle offers, or stock transfers.",3 — MEDIUM,3,Projected inventory position at horizon h=8 exceeds required safety stock by 497 units (26.0 surplus weeks of demand). Evaluated against approved 8-week production forecast horizon.,EXCESS_INVENTORY,MEDIUM_CONFIDENCE,Escalate to merchandise planning for promotional markdown or supplier return assessment.,322.0,488.0,4.0,160.0,296.0,19.093930384981068,42.42185781912827,26.042231583251084,,,,False,False,Policy_B_LT,8,ENGINEERING_RECOMMENDATION_PENDING_BUSINESS_APPROVAL,True
2025-09-16,SKU027,Product 027,Home Decor,Cabinet,REVIEW_PIPELINE,Review Replenishment Pipeline,"Prepare replenishment purchase order for week 1. Current pipeline is adequate through week 1, with Reorder Point breach projected in week 2.",3 — MEDIUM,3,"Inventory position remains above Reorder Point during immediate lead time, but declines to 95 units (below Reorder Point of 206 units) in week 2.",REORDER_POINT_BREACH_HORIZON,MEDIUM_CONFIDENCE,Review open purchase order ETAs during weekly inventory planning meeting.,368.0,36.0,6.0,102.0,206.0,144.01232623634408,2.8053154237435227,0.0,2.0,3.0,2025-10-07,False,False,Policy_B_LT,8,ENGINEERING_RECOMMENDATION_PENDING_BUSINESS_APPROVAL,True
2025-09-16,SKU029,Product 029,Lighting,Organizer,FREEZE_REPLENISHMENT,Halt Inbound Replenishment,"FREEZE REPLENISHMENT: Severe overstock detected (814 excess units, 8.8 weeks of cover above safety buffer). Suspend all new purchase orders for 9 weeks. Evaluate immediate promotional markdowns, bundle offers, or stock transfers.",3 — MEDIUM,3,Projected inventory position at horizon h=8 exceeds required safety stock by 814 units (8.8 surplus weeks of demand). Evaluated against approved 8-week production forecast horizon.,EXCESS_INVENTORY,MEDIUM_CONFIDENCE,Escalate to merchandise planning for promotional markdown or supplier return assessment.,664.0,989.0,14.0,102.0,501.0,92.17611682493335,17.933061805364193,8.826484488880741,,,,False,False,Policy_B_LT,8,ENGINEERING_RECOMMENDATION_PENDING_BUSINESS_APPROVAL,True
2025-09-16,SKU032,Product 032,Home Decor,Table,REVIEW_PIPELINE,Review Replenishment Pipeline,"Prepare replenishment purchase order for week 3. Current pipeline is adequate through week 3, with Reorder Point breach projected in week 4.",3 — MEDIUM,3,"Inventory position remains above Reorder Point during immediate lead time, but declines to 26 units (below Reorder Point of 75 units) in week 4.",REORDER_POINT_BREACH_HORIZON,MEDIUM_CONFIDENCE,Review open purchase order ETAs during weekly inventory planning meeting.,126.0,113.0,3.0,42.0,75.0,55.4855147615971,4.3074305253705205,0.0,4.0,5.0,2025-10-21,False,False,Policy_B_LT,8,ENGINEERING_RECOMMENDATION_PENDING_BUSINESS_APPROVAL,True
2025-09-16,SKU033,Product 033,Kitchen,Cushion,REVIEW_PIPELINE,Review Replenishment Pipeline,"Prepare replenishment purchase order for week 1. Current pipeline is adequate through week 2, with Reorder Point breach projected in week 3.",3 — MEDIUM,3,"Inventory position remains above Reorder Point during immediate lead time, but declines to 126 units (below Reorder Point of 131 units) in week 3.",REORDER_POINT_BREACH_HORIZON,MEDIUM_CONFIDENCE,Review open purchase order ETAs during weekly inventory planning meeting.,371.0,95.0,8.0,40.0,131.0,104.84548171321069,4.4446359765380645,0.0,3.0,5.0,2025-10-21,False,False,Policy_B_LT,8,ENGINEERING_RECOMMENDATION_PENDING_BUSINESS_APPROVAL,True
2025-09-16,SKU035,Product 035,Storage,Lamp,REVIEW_PIPELINE,Review Replenishment Pipeline,"Prepare replenishment purchase order for week 1. Current pipeline is adequate through week 2, with Reorder Point breach projected in week 3.",3 — MEDIUM,3,"Inventory position remains above Reorder Point during immediate lead time, but declines to 287 units (below Reorder Point of 292 units) in week 3.",REORDER_POINT_BREACH_HORIZON,MEDIUM_CONFIDENCE,Review open purchase order ETAs during weekly inventory planning meeting.,491.0,201.0,8.0,140.0,292.0,121.76608305324335,5.683027511835267,0.0,3.0,6.0,2025-10-28,False,False,Policy_B_LT,8,ENGINEERING_RECOMMENDATION_PENDING_BUSINESS_APPROVAL,True
2025-09-16,SKU036,Product 036,Furniture,Shelf,FREEZE_REPLENISHMENT,Halt Inbound Replenishment,"FREEZE REPLENISHMENT: Severe overstock detected (360 excess units, 10.7 weeks of cover above safety buffer). Suspend all new purchase orders for 11 weeks. Evaluate immediate promotional markdowns, bundle offers, or stock transfers.",3 — MEDIUM,3,Projected inventory position at horizon h=8 exceeds required safety stock by 360 units (10.7 surplus weeks of demand). Evaluated against approved 8-week production forecast horizon.,EXCESS_INVENTORY,MEDIUM_CONFIDENCE,Escalate to merchandise planning for promotional markdown or supplier return assessment.,300.0,447.0,8.0,119.0,261.0,33.54873085804268,22.266117998944235,10.719038960290467,,,,False,False,Policy_B_LT,8,ENGINEERING_RECOMMENDATION_PENDING_BUSINESS_APPROVAL,True
2025-09-16,SKU037,Product 037,Home Decor,Cabinet,REVIEW_PIPELINE,Review Replenishment Pipeline,"Prepare replenishment purchase order for week 2. Current pipeline is adequate through week 3, with Reorder Point breach projected in week 4.",3 — MEDIUM,3,"Inventory position remains above Reorder Point during immediate lead time, but declines to 757 units (below Reorder Point of 816 units) in week 4.",REORDER_POINT_BREACH_HORIZON,MEDIUM_CONFIDENCE,Review open purchase order ETAs during weekly inventory planning meeting.,1077.0,263.0,14.0,239.0,816.0,144.05767138719784,9.301830212140189,0.0,4.0,,,False,False,Policy_B_LT,8,ENGINEERING_RECOMMENDATION_PENDING_BUSINESS_APPROVAL,True
2025-09-16,SKU038,Product 038,Kitchen,Rug,REVIEW_PIPELINE,Review Replenishment Pipeline,"Prepare replenishment purchase order for week 2. Current pipeline is adequate through week 2, with Reorder Point breach projected in week 3.",3 — MEDIUM,3,"Inventory position remains above Reorder Point during immediate lead time, but declines to 122 units (below Reorder Point of 144 units) in week 3.",REORDER_POINT_BREACH_HORIZON,MEDIUM_CONFIDENCE,Review open purchase order ETAs during weekly inventory planning meeting.,132.0,118.0,7.0,73.0,144.0,43.42182853418319,5.757472875726346,0.0,3.0,6.0,2025-10-28,False,False,Policy_B_LT,8,ENGINEERING_RECOMMENDATION_PENDING_BUSINESS_APPROVAL,True
2025-09-16,SKU041,Product 041,Furniture,Chair,REVIEW_PIPELINE,Review Replenishment Pipeline,"Prepare replenishment purchase order for week 5. Current pipeline is adequate through week 5, with Reorder Point breach projected in week 6.",3 — MEDIUM,3,"Inventory position remains above Reorder Point during immediate lead time, but declines to 112 units (below Reorder Point of 143 units) in week 6.",REORDER_POINT_BREACH_HORIZON,MEDIUM_CONFIDENCE,Review open purchase order ETAs during weekly inventory planning meeting.,324.0,195.0,3.0,96.0,143.0,70.3431383343625,7.378118353676999,0.0,6.0,8.0,2025-11-11,False,False,Policy_B_LT,8,ENGINEERING_RECOMMENDATION_PENDING_BUSINESS_APPROVAL,True
2025-09-16,SKU043,Product 043,Kitchen,Cushion,REVIEW_PIPELINE,Review Replenishment Pipeline,"Prepare replenishment purchase order for week 3. Current pipeline is adequate through week 4, with Reorder Point breach projected in week 5.",3 — MEDIUM,3,"Inventory position remains above Reorder Point during immediate lead time, but declines to 258 units (below Reorder Point of 320 units) in week 5.",REORDER_POINT_BREACH_HORIZON,MEDIUM_CONFIDENCE,Review open purchase order ETAs during weekly inventory planning meeting.,617.0,326.0,12.0,66.0,320.0,131.10650027679392,7.192625827164365,0.0,5.0,8.0,2025-11-11,False,False,Policy_B_LT,8,ENGINEERING_RECOMMENDATION_PENDING_BUSINESS_APPROVAL,True
2025-09-16,SKU044,Product 044,Lighting,Cookware,REVIEW_PIPELINE,Review Replenishment Pipeline,"Prepare replenishment purchase order for week 1. Current pipeline is adequate through week 1, with Reorder Point breach projected in week 2.",3 — MEDIUM,3,"Inventory position remains above Reorder Point during immediate lead time, but declines to 60 units (below Reorder Point of 78 units) in week 2.",REORDER_POINT_BREACH_HORIZON,MEDIUM_CONFIDENCE,Review open purchase order ETAs during weekly inventory planning meeting.,87.0,101.0,6.0,35.0,78.0,60.88105227296779,3.0879886759689787,0.0,2.0,3.0,2025-10-07,False,False,Policy_B_LT,8,ENGINEERING_RECOMMENDATION_PENDING_BUSINESS_APPROVAL,True
2025-09-16,SKU046,Product 046,Furniture,Shelf,REVIEW_PIPELINE,Review Replenishment Pipeline,"Prepare replenishment purchase order for week 3. Current pipeline is adequate through week 3, with Reorder Point breach projected in week 4.",3 — MEDIUM,3,"Inventory position remains above Reorder Point during immediate lead time, but declines to 120 units (below Reorder Point of 122 units) in week 4.",REORDER_POINT_BREACH_HORIZON,MEDIUM_CONFIDENCE,Review open purchase order ETAs during weekly inventory planning meeting.,323.0,23.0,5.0,62.0,122.0,58.1730551139943,5.947770824860204,0.0,4.0,6.0,2025-10-28,False,False,Policy_B_LT,8,ENGINEERING_RECOMMENDATION_PENDING_BUSINESS_APPROVAL,True
2025-09-16,SKU047,Product 047,Home Decor,Cabinet,REVIEW_PIPELINE,Review Replenishment Pipeline,"Prepare replenishment purchase order for week 1. Current pipeline is adequate through week 1, with Reorder Point breach projected in week 2.",3 — MEDIUM,3,"Inventory position remains above Reorder Point during immediate lead time, but declines to -3 units (below Reorder Point of 49 units) in week 2.",REORDER_POINT_BREACH_HORIZON,MEDIUM_CONFIDENCE,Review open purchase order ETAs during weekly inventory planning meeting.,176.0,21.0,5.0,20.0,49.0,91.88894413618921,2.1438923022994474,0.0,2.0,2.0,2025-09-30,False,False,Policy_B_LT,8,ENGINEERING_RECOMMENDATION_PENDING_BUSINESS_APPROVAL,True
2025-09-16,SKU048,Product 048,Kitchen,Rug,REVIEW_PIPELINE,Review Replenishment Pipeline,"Prepare replenishment purchase order for week 1. Current pipeline is adequate through week 1, with Reorder Point breach projected in week 2.",3 — MEDIUM,3,"Inventory position remains above Reorder Point during immediate lead time, but declines to 19 units (below Reorder Point of 30 units) in week 2.",REORDER_POINT_BREACH_HORIZON,MEDIUM_CONFIDENCE,Review open purchase order ETAs during weekly inventory planning meeting.,99.0,22.0,5.0,15.0,30.0,53.89215215171555,2.245224864269003,0.0,2.0,3.0,2025-10-07,False,False,Policy_B_LT,8,ENGINEERING_RECOMMENDATION_PENDING_BUSINESS_APPROVAL,True
2025-09-16,SKU050,Product 050,Storage,Sofa,REVIEW_PIPELINE,Review Replenishment Pipeline,"Prepare replenishment purchase order for week 2. Current pipeline is adequate through week 3, with Reorder Point breach projected in week 4.",3 — MEDIUM,3,"Inventory position remains above Reorder Point during immediate lead time, but declines to 325 units (below Reorder Point of 355 units) in week 4.",REORDER_POINT_BREACH_HORIZON,MEDIUM_CONFIDENCE,Review open purchase order ETAs during weekly inventory planning meeting.,405.0,45.0,14.0,113.0,355.0,32.75158173033003,13.739794422913981,2.2895793789378036,4.0,,,False,False,Policy_B_LT,8,ENGINEERING_RECOMMENDATION_PENDING_BUSINESS_APPROVAL,True
2025-09-16,SKU005,Product 005,Storage,Lamp,FREEZE_REPLENISHMENT,Halt Inbound Replenishment,Elevated stock: pipeline holds 165 units (1.8 weeks) above 8-week horizon target. Defer upcoming order placements.,4 — LOW,4,Projected inventory position at horizon h=8 exceeds required safety stock by 165 units (1.8 surplus weeks of demand). Evaluated against approved 8-week production forecast horizon.,EXCESS_INVENTORY,MEDIUM_CONFIDENCE,Review inventory position at next monthly snapshot.,673.0,340.0,5.0,100.0,198.0,93.5369945842819,10.829939581683183,1.7608438677954052,,,,False,False,Policy_B_LT,8,ENGINEERING_RECOMMENDATION_PENDING_BUSINESS_APPROVAL,True
2025-09-16,SKU020,Product 020,Storage,Sofa,FREEZE_REPLENISHMENT,Halt Inbound Replenishment,Pause purchase orders for 4 weeks. Total pipeline provides 14.7 weeks of cover (327 units surplus above 8-week horizon).,4 — LOW,4,Projected inventory position at horizon h=8 exceeds required safety stock by 327 units (3.8 surplus weeks of demand). Evaluated against approved 8-week production forecast horizon.,EXCESS_INVENTORY,MEDIUM_CONFIDENCE,Monitor weekly demand consumption and confirm no automated replenishment POs are released.,851.0,406.0,5.0,246.0,413.0,85.4714619372048,14.706663154112281,3.8285095058134573,,,,False,False,Policy_B_LT,8,ENGINEERING_RECOMMENDATION_PENDING_BUSINESS_APPROVAL,True
2025-09-16,SKU028,Product 028,Kitchen,Rug,FREEZE_REPLENISHMENT,Halt Inbound Replenishment,Pause purchase orders for 3 weeks. Total pipeline provides 13.7 weeks of cover (90 units surplus above 8-week horizon).,4 — LOW,4,Projected inventory position at horizon h=8 exceeds required safety stock by 90 units (2.7 surplus weeks of demand). Evaluated against approved 8-week production forecast horizon.,EXCESS_INVENTORY,MEDIUM_CONFIDENCE,Monitor weekly demand consumption and confirm no automated replenishment POs are released.,149.0,313.0,3.0,103.0,159.0,33.6153251351371,13.743731412464761,2.679652764231276,,,,False,False,Policy_B_LT,8,ENGINEERING_RECOMMENDATION_PENDING_BUSINESS_APPROVAL,True
