origin_date,SKU,inventory_data_available,snapshot_date,days_since_snapshot,Current_Stock,On_Order,Lead_Time_Days,Safety_Stock,Reorder_Point,avg_weekly_demand,forecast_cum_8w,ip_h1,ip_h2,ip_h3,ip_h4,ip_h5,ip_h6,ip_h7,ip_h8,sb_h1,sb_h8,weeks_of_cover,days_of_supply,stock_weeks_of_cover,stock_days_of_supply,lead_time_demand,is_stockout_risk,earliest_stockout_week,estimated_stockout_date,is_safety_stock_breach,earliest_ss_breach_week,is_reorder_point_breach,earliest_rp_breach_week,stockout_score,excess_inventory_units,excess_weeks_of_cover,overstock_score,overstock_tier,action_tier,recommendation,excess_inventory_value,inventory_value_at_risk,capital_at_risk,valuation_basis_confirmed,arrival_timing_confirmed,on_order_policy,overstock_threshold_weeks,overstock_threshold_status,Product_Name,Category,Subcategory
2025-09-16,SKU001,True,2025-09-01,15,226.0,257.0,13.0,153.0,547.0,89.51382196093657,716.1105756874925,135.04631518164805,282.0463151816481,191.26952074805433,131.26952074805433,42.079472530280896,-47.11057568749254,-140.11057568749254,-233.11057568749254,135.04631518164805,-490.11057568749254,5.395814740328919,37.770703182302434,2.5247497542739867,17.673248279917907,185.23939910406625,True,6.0,2025-10-28,True,1.0,True,1.0,0.0,0.0,0.0,0.0,HEALTHY,REORDER,REORDER: Projected inventory breaches Reorder Point (547 units) in week 1 (within lead time of 13 days). Place PO now.,,,,False,False,Policy_B_LT,8,ENGINEERING_RECOMMENDATION_PENDING_BUSINESS_APPROVAL,Product 001,Furniture,Chair
2025-09-16,SKU002,True,2025-09-01,15,120.0,34.0,10.0,57.0,240.0,65.05950650987674,520.4760520790139,52.69574662704072,22.695746627040705,-46.03598860245148,-100.03598860245148,-167.25602034073273,-234.47605207901398,-300.476052079014,-366.4760520790139,52.69574662704072,-400.4760520790139,2.3670637584166294,16.569446308916405,1.8444652662986722,12.911256864090706,94.73282480153071,True,3.0,2025-10-07,True,1.0,True,1.0,0.0,0.0,0.0,0.0,HEALTHY,REORDER,REORDER: Projected inventory breaches Reorder Point (240 units) in week 1 (within lead time of 10 days). Place PO now.,,,,False,False,Policy_B_LT,8,ENGINEERING_RECOMMENDATION_PENDING_BUSINESS_APPROVAL,Product 002,Home Decor,Table
2025-09-16,SKU003,True,2025-09-01,15,73.0,281.0,8.0,59.0,141.0,34.69859262773585,277.5887410218868,38.21996716903114,284.2199671690312,248.07492474959756,216.07492474959756,179.24309186385537,142.41125897811318,109.41125897811318,76.41125897811321,38.21996716903114,-204.5887410218868,10.202142887980848,71.41500021586594,2.1038317254875762,14.726822078413033,39.78003283096886,False,,,True,1.0,True,1.0,0.0,17.41125897811321,0.5017857399840406,0.04918434739580003,MONITOR,REORDER,REORDER: Projected inventory breaches Reorder Point (141 units) in week 1 (within lead time of 8 days). Place PO now.,,,,False,False,Policy_B_LT,8,ENGINEERING_RECOMMENDATION_PENDING_BUSINESS_APPROVAL,Product 003,Kitchen,Cushion
2025-09-16,SKU004,True,2025-09-01,15,424.0,246.0,10.0,50.0,215.0,28.87127591445615,230.9702073156492,392.8957766473635,611.8957766473635,582.2444151819094,557.2444151819094,526.1371039331301,495.0297926843508,467.0297926843508,439.0297926843508,392.8957766473635,193.0297926843508,23.20645620183776,162.4451934128643,14.685876760565984,102.80113732396188,42.67565192406507,False,,,False,,False,,0.0,389.0297926843508,13.474631112148373,0.5806414816184341,CRITICAL,OVERSTOCK,OVERSTOCK (CRITICAL): 389 excess units (13.5 weeks of cover above safety buffer). Defer future orders or review promotional clearance.,,,,False,False,Policy_B_LT,8,ENGINEERING_RECOMMENDATION_PENDING_BUSINESS_APPROVAL,Product 004,Lighting,Cookware
2025-09-16,SKU005,True,2025-09-01,15,673.0,340.0,5.0,100.0,198.0,93.5369945842819,748.2959566742552,919.7946118682253,817.7946118682253,726.0780057280886,635.0780057280886,543.8910245269167,452.7040433257448,358.7040433257448,264.7040433257448,579.7946118682253,-75.2959566742552,10.829939581683183,75.80957707178229,7.19501415446474,50.36509908125318,66.5752772369819,False,,,False,,False,,0.0,164.7040433257448,1.7608438677954052,0.1625903685347925,MONITOR,OVERSTOCK,OVERSTOCK (MONITOR): 165 excess units (1.8 weeks of cover above safety buffer). Defer future orders or review promotional clearance.,,,,False,False,Policy_B_LT,8,ENGINEERING_RECOMMENDATION_PENDING_BUSINESS_APPROVAL,Product 005,Storage,Lamp
2025-09-16,SKU006,True,2025-09-01,15,193.0,243.0,3.0,106.0,154.0,41.14141701377706,329.13133611021647,393.4724274701058,357.4724274701058,315.48395167054525,267.48395167054525,225.1763077801644,182.86866388978353,144.86866388978353,106.86866388978353,150.4724274701058,-136.13133611021647,10.597593171231713,74.183152198622,4.691136426714956,32.83795498700469,18.226102512811792,False,,,False,,True,7.0,0.0,0.8686638897835337,0.021114097491893476,0.001992348371063151,MONITOR,MONITOR,MONITOR: Reorder Point breach projected in week 7. Review replenishment pipeline.,,,,False,False,Policy_B_LT,8,ENGINEERING_RECOMMENDATION_PENDING_BUSINESS_APPROVAL,Product 006,Furniture,Shelf
2025-09-16,SKU007,True,2025-09-01,15,367.0,183.0,14.0,97.0,340.0,145.9912135247818,1167.9297081982545,208.4732001269407,233.4732001269407,74.90387944822976,-50.09612055177024,-208.01291437501243,-365.9297081982546,-491.9297081982545,-617.9297081982545,208.4732001269407,-800.9297081982545,3.7673500118323098,26.37145008282617,2.5138499169862865,17.596949418904003,316.5267998730593,True,4.0,2025-10-14,True,3.0,True,1.0,0.0,0.0,0.0,0.0,HEALTHY,REORDER,REORDER: Projected inventory breaches Reorder Point (340 units) in week 1 (within lead time of 14 days). Place PO now.,,,,False,False,Policy_B_LT,8,ENGINEERING_RECOMMENDATION_PENDING_BUSINESS_APPROVAL,Product 007,Home Decor,Cabinet
2025-09-16,SKU008,True,2025-09-01,15,759.0,25.0,11.0,157.0,420.0,88.63205558291045,709.0564446632836,663.9922308738257,584.9922308738257,490.37615726542737,408.37615726542737,317.6598563010719,226.94355533671637,150.94355533671637,74.94355533671637,663.9922308738257,49.94355533671637,8.845558131804928,61.9189069226345,8.563493140357068,59.94445198249947,154.43634055474564,False,,,True,7.0,True,4.0,0.0,0.0,0.0,0.0,HEALTHY,MONITOR,MONITOR: Reorder Point breach projected in week 4. Review replenishment pipeline.,,,,False,False,Policy_B_LT,8,ENGINEERING_RECOMMENDATION_PENDING_BUSINESS_APPROVAL,Product 008,Kitchen,Rug
2025-09-16,SKU009,True,2025-09-01,15,129.0,97.0,3.0,38.0,68.0,66.8598608878468,534.8788871027745,155.61296470386617,90.61296470386617,20.65124900562398,-23.34875099437602,-96.11381904857524,-168.87888710277446,-238.87888710277446,-308.87888710277446,58.61296470386618,-405.87888710277446,3.3802044604774264,23.661431223341985,1.9294087407149911,13.505861185004939,30.165872269771633,True,4.0,2025-10-14,True,3.0,True,3.0,0.0,0.0,0.0,0.0,HEALTHY,MONITOR,MONITOR: Reorder Point breach projected in week 3. Review replenishment pipeline.,,,,False,False,Policy_B_LT,8,ENGINEERING_RECOMMENDATION_PENDING_BUSINESS_APPROVAL,Product 009,Lighting,Organizer
2025-09-16,SKU010,True,2025-09-01,15,37.0,46.0,9.0,19.0,48.0,100.66453156645622,805.3162525316498,-67.0622089525482,-150.0622089525482,-249.31126290762631,-368.3112629076263,-471.31375771963803,-574.3162525316498,-648.3162525316498,-722.3162525316498,-67.0622089525482,-768.3162525316498,0.8245207990185248,5.771645593129674,0.3675574646227159,2.572902252359011,140.91935180969108,True,1.0,2025-09-23,True,1.0,True,1.0,0.4407981274607107,0.0,0.0,0.0,HEALTHY,CRITICAL REORDER,CRITICAL REORDER: Stockout projected in week 1 (within lead time of 9 days). Expedite replenishment immediately.,,,,False,False,Policy_B_LT,8,ENGINEERING_RECOMMENDATION_PENDING_BUSINESS_APPROVAL,Product 010,Storage,Sofa
2025-09-16,SKU011,True,2025-09-01,15,592.0,979.0,14.0,180.0,515.0,17.475780130078483,139.80624104062787,573.9889421411349,1533.9889421411349,1513.9337263055636,1499.9337263055636,1477.563742632468,1455.1937589593722,1443.1937589593722,1431.1937589593722,573.9889421411349,452.19375895937213,89.89584375097907,629.2709062568534,33.875454806225086,237.1281836435756,37.011057858865165,False,,,False,,False,,0.0,1251.1937589593722,71.59587438422145,0.7964314188156412,CRITICAL,OVERSTOCK,OVERSTOCK (CRITICAL): 1251 excess units (71.6 weeks of cover above safety buffer). Defer future orders or review promotional clearance.,,,,False,False,Policy_B_LT,8,ENGINEERING_RECOMMENDATION_PENDING_BUSINESS_APPROVAL,Product 011,Furniture,Chair
2025-09-16,SKU012,True,2025-09-01,15,43.0,17.0,12.0,21.0,57.0,159.8716211324164,1278.9729690593313,-123.65949249683123,-275.65949249683126,-446.03937530933126,-586.0393753093313,-755.5061721843313,-924.9729690593313,-1071.9729690593313,-1218.9729690593313,-123.65949249683123,-1235.9729690593313,0.37530112958762063,2.6271079071133445,0.2689658095377948,1.8827606667645638,287.3737782111169,True,1.0,2025-09-23,True,1.0,True,1.0,0.796655412784697,0.0,0.0,0.0,HEALTHY,CRITICAL REORDER,CRITICAL REORDER: Stockout projected in week 1 (within lead time of 12 days). Expedite replenishment immediately.,,,,False,False,Policy_B_LT,8,ENGINEERING_RECOMMENDATION_PENDING_BUSINESS_APPROVAL,Product 012,Home Decor,Table
2025-09-16,SKU013,True,2025-09-01,15,202.0,226.0,7.0,69.0,133.0,85.46323582846372,683.7058866277098,335.56240866037615,238.56240866037615,148.91511556955584,80.91511556955584,-9.395385529076975,-99.70588662770979,-177.7058866277098,-255.7058866277098,109.56240866037615,-481.7058866277098,5.008001345269139,35.056009416883974,2.363589419963472,16.545125939744306,92.43759133962385,True,5.0,2025-10-21,True,5.0,True,4.0,0.0,0.0,0.0,0.0,HEALTHY,MONITOR,MONITOR: Reorder Point breach projected in week 4. Review replenishment pipeline.,,,,False,False,Policy_B_LT,8,ENGINEERING_RECOMMENDATION_PENDING_BUSINESS_APPROVAL,Product 013,Kitchen,Cushion
2025-09-16,SKU014,True,2025-09-01,15,346.0,269.0,7.0,117.0,230.0,132.05741330376168,1056.4593064300934,469.76000814510184,327.76000814510184,186.5636122710784,76.56361227107845,-61.44784707950748,-199.45930643009342,-320.4593064300934,-441.4593064300934,200.76000814510184,-710.4593064300934,4.657065321924502,32.59945725347151,2.6200725225786634,18.340507658050644,145.23999185489816,True,5.0,2025-10-21,True,4.0,True,3.0,0.0,0.0,0.0,0.0,HEALTHY,MONITOR,MONITOR: Reorder Point breach projected in week 3. Review replenishment pipeline.,,,,False,False,Policy_B_LT,8,ENGINEERING_RECOMMENDATION_PENDING_BUSINESS_APPROVAL,Product 014,Lighting,Cookware
2025-09-16,SKU015,True,2025-09-01,15,268.0,69.0,6.0,76.0,182.0,26.333284142430024,210.6662731394402,312.1772079244026,286.1772079244026,261.97060582784496,227.97060582784496,202.15216634420239,176.3337268605598,151.3337268605598,126.3337268605598,243.17720792440258,57.33372686055981,12.797492260260926,89.58244582182648,10.177234201038361,71.24063940726853,21.276678921940654,False,,,False,,True,6.0,0.0,50.33372686055981,1.9114109196679572,0.14935823994231398,MONITOR,MONITOR,MONITOR: Reorder Point breach projected in week 6. Review replenishment pipeline.,,,,False,False,Policy_B_LT,8,ENGINEERING_RECOMMENDATION_PENDING_BUSINESS_APPROVAL,Product 015,Storage,Lamp
2025-09-16,SKU016,True,2025-09-01,15,312.0,96.0,9.0,51.0,131.0,82.546853217781,660.374825742248,228.38240692376758,239.38240692376758,159.2213046288457,80.2213046288457,-6.076760556701174,-92.37482574224805,-172.37482574224805,-252.37482574224805,228.38240692376758,-348.37482574224805,4.942647527987351,34.59853269591146,3.779671639049151,26.457701473344056,107.9033073619467,True,5.0,2025-10-21,True,5.0,True,4.0,0.0,0.0,0.0,0.0,HEALTHY,MONITOR,MONITOR: Reorder Point breach projected in week 4. Review replenishment pipeline.,,,,False,False,Policy_B_LT,8,ENGINEERING_RECOMMENDATION_PENDING_BUSINESS_APPROVAL,Product 016,Furniture,Shelf
2025-09-16,SKU017,True,2025-09-01,15,239.0,206.0,6.0,71.0,134.0,80.40357597180956,643.2286077744765,364.036521314879,267.036521314879,188.30084168841415,128.30084168841415,40.03611695696884,-48.22860777447647,-123.22860777447647,-198.22860777447647,158.036521314879,-404.2286077744765,5.53457970769885,38.742057953891944,2.972504607056236,20.807532249393653,69.39726744438944,True,6.0,2025-10-28,True,5.0,True,4.0,0.0,0.0,0.0,0.0,HEALTHY,MONITOR,MONITOR: Reorder Point breach projected in week 4. Review replenishment pipeline.,,,,False,False,Policy_B_LT,8,ENGINEERING_RECOMMENDATION_PENDING_BUSINESS_APPROVAL,Product 017,Home Decor,Cabinet
2025-09-16,SKU018,True,2025-09-01,15,277.0,317.0,11.0,125.0,305.0,152.81764618934062,1222.541169514725,119.34927237980614,267.34927237980617,110.78546012394679,-27.21453987605321,-179.87785469538915,-332.5411695147251,-480.54116951472497,-628.541169514725,119.34927237980614,-945.541169514725,3.8869856643651985,27.20889965055639,1.8126178939884847,12.688325257919393,254.22215619162245,True,4.0,2025-10-14,True,1.0,True,1.0,0.0,0.0,0.0,0.0,HEALTHY,REORDER,REORDER: Projected inventory breaches Reorder Point (305 units) in week 1 (within lead time of 11 days). Place PO now.,,,,False,False,Policy_B_LT,8,ENGINEERING_RECOMMENDATION_PENDING_BUSINESS_APPROVAL,Product 018,Kitchen,Rug
2025-09-16,SKU019,True,2025-09-01,15,78.0,192.0,11.0,44.0,118.0,89.16116995308809,713.2893596247047,-12.052848394235951,86.94715160576405,-0.44216113837660487,-88.4421611383766,-180.86576038154067,-273.28935962470473,-358.28935962470473,-443.28935962470473,-12.052848394235951,-635.2893596247047,3.028224059218377,21.19756841452864,0.8748202837741977,6.123741986419384,143.1957055370931,True,1.0,2025-09-23,True,1.0,True,1.0,0.0,0.0,0.0,0.0,HEALTHY,CRITICAL REORDER,CRITICAL REORDER: Stockout projected in week 1 (within lead time of 11 days). Expedite replenishment immediately.,,,,False,False,Policy_B_LT,8,ENGINEERING_RECOMMENDATION_PENDING_BUSINESS_APPROVAL,Product 019,Lighting,Organizer
2025-09-16,SKU020,True,2025-09-01,15,851.0,406.0,5.0,246.0,413.0,85.4714619372048,683.7716954976383,1170.6532922953304,1087.6532922953304,1002.4398676127132,925.4398676127132,840.3340860575374,755.2283045023617,664.2283045023617,573.2283045023617,764.6532922953304,167.22830450236165,14.706663154112281,102.94664207878597,9.956539653261377,69.69577757282964,61.676219789049746,False,,,False,,False,,0.0,327.22830450236165,3.8285095058134573,0.2603248245842177,HIGH,OVERSTOCK,OVERSTOCK (HIGH): 327 excess units (3.8 weeks of cover above safety buffer). Defer future orders or review promotional clearance.,,,,False,False,Policy_B_LT,8,ENGINEERING_RECOMMENDATION_PENDING_BUSINESS_APPROVAL,Product 020,Storage,Sofa
2025-09-16,SKU021,True,2025-09-01,15,89.0,123.0,9.0,21.0,74.0,49.99057301203224,399.92458409625795,33.30848627727719,94.30848627727718,40.63563471477718,-8.364365285222817,-62.14447469074037,-115.92458409625795,-151.92458409625795,-187.92458409625795,33.30848627727719,-310.92458409625795,4.240799559328389,29.685596915298724,1.7803356640576729,12.462349648403709,73.40579943700853,True,4.0,2025-10-14,True,4.0,True,1.0,0.0,0.0,0.0,0.0,HEALTHY,REORDER,REORDER: Projected inventory breaches Reorder Point (74 units) in week 1 (within lead time of 9 days). Place PO now.,,,,False,False,Policy_B_LT,8,ENGINEERING_RECOMMENDATION_PENDING_BUSINESS_APPROVAL,Product 021,Furniture,Chair
2025-09-16,SKU022,True,2025-09-01,15,332.0,76.0,8.0,43.0,133.0,60.42218903998165,483.3775123198532,272.71914829416045,283.71914829416045,219.97389759225615,164.97389759225615,102.79819263620146,40.622487680146776,-17.377512319853224,-75.37751231985322,272.71914829416045,-151.37751231985322,6.752486238623768,47.26740367036638,5.4946701745664,38.462691221964796,68.56656599155383,True,7.0,2025-11-04,True,6.0,True,5.0,0.0,0.0,0.0,0.0,HEALTHY,MONITOR,MONITOR: Reorder Point breach projected in week 5. Review replenishment pipeline.,,,,False,False,Policy_B_LT,8,ENGINEERING_RECOMMENDATION_PENDING_BUSINESS_APPROVAL,Product 022,Home Decor,Table
2025-09-16,SKU023,True,2025-09-01,15,276.0,63.0,5.0,67.0,112.0,82.49643924402044,659.9715139521635,252.23742464646932,167.23742464646932,78.42495516404745,4.4249551640474465,-89.27327939405802,-182.9715139521635,-251.9715139521635,-320.9715139521635,189.23742464646932,-383.9715139521635,4.109268267897655,28.764877875283588,3.345598943775082,23.419192606425575,61.97326810966476,True,5.0,2025-10-21,True,4.0,True,3.0,0.0,0.0,0.0,0.0,HEALTHY,MONITOR,MONITOR: Reorder Point breach projected in week 3. Review replenishment pipeline.,,,,False,False,Policy_B_LT,8,ENGINEERING_RECOMMENDATION_PENDING_BUSINESS_APPROVAL,Product 023,Kitchen,Cushion
2025-09-16,SKU024,True,2025-09-01,15,75.0,99.0,3.0,46.0,87.0,78.09547615333534,624.7638092266827,90.54519651062195,11.545196510621963,-71.6531830059796,-149.6531830059796,-235.20849611633116,-320.7638092266827,-385.7638092266827,-450.7638092266827,-8.454803489378051,-549.7638092266827,2.228041988736485,15.596293921155393,0.9603629261795193,6.722540483256635,35.76634435259059,True,3.0,2025-10-07,True,2.0,True,2.0,0.0,0.0,0.0,0.0,HEALTHY,MONITOR,MONITOR: Reorder Point breach projected in week 2. Review replenishment pipeline.,,,,False,False,Policy_B_LT,8,ENGINEERING_RECOMMENDATION_PENDING_BUSINESS_APPROVAL,Product 024,Lighting,Cookware
2025-09-16,SKU025,True,2025-09-01,15,322.0,488.0,4.0,160.0,296.0,19.093930384981068,152.75144307984854,792.4761455737159,779.4761455737159,761.1970585070655,744.1970585070655,721.7228077136085,699.2485569201515,678.2485569201515,657.2485569201515,304.47614557371594,169.24855692015146,42.42185781912827,296.9530047338979,16.863997799702844,118.0479845979199,10.013631100733765,False,,,False,,False,,0.0,497.2485569201515,26.042231583251084,0.613887107308829,CRITICAL,OVERSTOCK,OVERSTOCK (CRITICAL): 497 excess units (26.0 weeks of cover above safety buffer). Defer future orders or review promotional clearance.,,,,False,False,Policy_B_LT,8,ENGINEERING_RECOMMENDATION_PENDING_BUSINESS_APPROVAL,Product 025,Storage,Lamp
2025-09-16,SKU026,True,2025-09-01,15,110.0,18.0,3.0,25.0,41.0,135.08423924295658,1080.6739139436527,-9.268533694629127,-142.26853369462913,-280.94588659990256,-412.94588659990256,-539.8099002717776,-666.6739139436526,-809.6739139436526,-952.6739139436527,-27.268533694629127,-970.6739139436527,0.947556877969937,6.632898145789559,0.8143066920054147,5.700146844037903,58.82937158341248,True,1.0,2025-09-23,True,1.0,True,1.0,0.0,0.0,0.0,0.0,HEALTHY,CRITICAL REORDER,CRITICAL REORDER: Stockout projected in week 1 (within lead time of 3 days). Expedite replenishment immediately.,,,,False,False,Policy_B_LT,8,ENGINEERING_RECOMMENDATION_PENDING_BUSINESS_APPROVAL,Product 026,Furniture,Shelf
2025-09-16,SKU027,True,2025-09-01,15,368.0,36.0,6.0,102.0,206.0,144.01232623634408,1152.0986098907526,250.61762240905205,94.61762240905205,-60.190620388799516,-181.19062038879952,-329.6446151397761,-478.09860989075264,-613.0986098907526,-748.0986098907526,214.61762240905205,-784.0986098907526,2.8053154237435227,19.63720796620466,2.555336821627763,17.887357751394344,131.47060936366967,True,3.0,2025-10-07,True,2.0,True,2.0,0.0,0.0,0.0,0.0,HEALTHY,MONITOR,MONITOR: Reorder Point breach projected in week 2. Review replenishment pipeline.,,,,False,False,Policy_B_LT,8,ENGINEERING_RECOMMENDATION_PENDING_BUSINESS_APPROVAL,Product 027,Home Decor,Cabinet
2025-09-16,SKU028,True,2025-09-01,15,149.0,313.0,3.0,103.0,159.0,33.6153251351371,268.9226010810968,426.2083689201239,398.2083689201239,360.71259178999696,326.71259178999696,288.8949953544501,251.07739891890319,222.07739891890319,193.0773989189032,113.20836892012389,-119.92260108109679,13.743731412464761,96.20611988725332,4.432502122201838,31.027514855412868,15.339270462804047,False,,,False,,False,,0.0,90.07739891890321,2.679652764231276,0.19497272493269094,HIGH,OVERSTOCK,OVERSTOCK (HIGH): 90 excess units (2.7 weeks of cover above safety buffer). Defer future orders or review promotional clearance.,,,,False,False,Policy_B_LT,8,ENGINEERING_RECOMMENDATION_PENDING_BUSINESS_APPROVAL,Product 028,Kitchen,Rug
2025-09-16,SKU029,True,2025-09-01,15,664.0,989.0,14.0,102.0,501.0,92.17611682493335,737.4089345994668,573.8688669142051,1473.8688669142052,1386.5181283888146,1280.5181283888146,1191.054596894674,1101.5910654005334,1008.5910654005332,915.5910654005332,573.8688669142051,-73.40893459946676,17.933061805364193,125.53143263754936,7.2036013543628705,50.42520948054009,179.1311330857949,False,,,False,,False,,0.0,813.5910654005332,8.826484488880741,0.492190602178181,CRITICAL,OVERSTOCK,OVERSTOCK (CRITICAL): 814 excess units (8.8 weeks of cover above safety buffer). Defer future orders or review promotional clearance.,,,,False,False,Policy_B_LT,8,ENGINEERING_RECOMMENDATION_PENDING_BUSINESS_APPROVAL,Product 029,Lighting,Organizer
2025-09-16,SKU030,True,2025-09-01,15,86.0,137.0,10.0,19.0,82.0,27.673994005539377,221.39195204431502,54.45333146398576,159.45333146398576,127.73547791784318,104.73547791784318,73.17176293676408,41.60804795568498,21.60804795568498,1.608047955684981,54.45333146398576,-135.39195204431502,8.058106826046256,56.40674778232379,3.1076107042151477,21.753274929506034,45.26095425029996,False,,,True,8.0,True,1.0,0.0,0.0,0.0,0.0,HEALTHY,REORDER,REORDER: Projected inventory breaches Reorder Point (82 units) in week 1 (within lead time of 10 days). Place PO now.,,,,False,False,Policy_B_LT,8,ENGINEERING_RECOMMENDATION_PENDING_BUSINESS_APPROVAL,Product 030,Storage,Sofa
2025-09-16,SKU031,True,2025-09-01,15,202.0,1.0,8.0,23.0,72.0,112.63904229092218,901.1123383273774,86.8644225368804,-31.135577463119603,-149.90350654026804,-254.90350654026804,-364.5079224338227,-474.1123383273774,-586.1123383273774,-698.1123383273774,86.8644225368804,-699.1123383273774,1.8022170276953802,12.61551919386766,1.793339111302792,12.553373779119545,132.1355774631196,True,2.0,2025-09-30,True,2.0,True,2.0,0.0,0.0,0.0,0.0,HEALTHY,CRITICAL REORDER,CRITICAL REORDER: Stockout projected in week 2 (within lead time of 8 days). Expedite replenishment immediately.,,,,False,False,Policy_B_LT,8,ENGINEERING_RECOMMENDATION_PENDING_BUSINESS_APPROVAL,Product 031,Furniture,Chair
2025-09-16,SKU032,True,2025-09-01,15,126.0,113.0,3.0,42.0,75.0,55.4855147615971,443.8841180927768,182.4963598124966,134.4963598124966,78.73519037890284,25.735190378902843,-37.57446385693697,-100.88411809277682,-152.88411809277682,-204.88411809277682,69.49635981249659,-317.8841180927768,4.3074305253705205,30.152013677593644,2.270862954797848,15.896040683584935,24.21584579464432,True,5.0,2025-10-21,True,4.0,True,4.0,0.0,0.0,0.0,0.0,HEALTHY,MONITOR,MONITOR: Reorder Point breach projected in week 4. Review replenishment pipeline.,,,,False,False,Policy_B_LT,8,ENGINEERING_RECOMMENDATION_PENDING_BUSINESS_APPROVAL,Product 032,Home Decor,Table
2025-09-16,SKU033,True,2025-09-01,15,371.0,95.0,8.0,40.0,131.0,104.84548171321069,838.7638537056855,261.04940923376756,244.04940923376756,126.22157415075975,34.22157415075975,-73.27113977746285,-180.7638537056855,-276.7638537056855,-372.7638537056855,261.04940923376756,-467.7638537056855,4.4446359765380645,31.11245183576645,3.538540659432665,24.769784616028655,125.95059076623244,True,5.0,2025-10-21,True,4.0,True,3.0,0.0,0.0,0.0,0.0,HEALTHY,MONITOR,MONITOR: Reorder Point breach projected in week 3. Review replenishment pipeline.,,,,False,False,Policy_B_LT,8,ENGINEERING_RECOMMENDATION_PENDING_BUSINESS_APPROVAL,Product 033,Kitchen,Cushion
2025-09-16,SKU034,True,2025-09-01,15,94.0,61.0,13.0,29.0,96.0,111.26266476525296,890.1013181220237,-25.678329230422165,-71.67832923042215,-193.45254492866434,-308.45254492866434,-424.776931525344,-541.1013181220237,-638.1013181220237,-735.1013181220237,-25.678329230422165,-796.1013181220237,1.3930998356638864,9.751698849647205,0.8448476422735828,5.91393349591508,211.39261494470787,True,1.0,2025-09-23,True,1.0,True,1.0,0.34219087644426505,0.0,0.0,0.0,HEALTHY,CRITICAL REORDER,CRITICAL REORDER: Stockout projected in week 1 (within lead time of 13 days). Expedite replenishment immediately.,,,,False,False,Policy_B_LT,8,ENGINEERING_RECOMMENDATION_PENDING_BUSINESS_APPROVAL,Product 034,Lighting,Cookware
2025-09-16,SKU035,True,2025-09-01,15,491.0,201.0,8.0,140.0,292.0,121.76608305324335,974.1286644259468,355.6621833523735,423.6621833523735,286.5135017117485,178.51350171174852,54.19241864290086,-70.1286644259468,-176.1286644259468,-282.1286644259468,355.6621833523735,-483.1286644259468,5.683027511835267,39.78119258284687,4.03232154380219,28.226250806615333,154.33781664762645,True,6.0,2025-10-28,True,5.0,True,3.0,0.0,0.0,0.0,0.0,HEALTHY,MONITOR,MONITOR: Reorder Point breach projected in week 3. Review replenishment pipeline.,,,,False,False,Policy_B_LT,8,ENGINEERING_RECOMMENDATION_PENDING_BUSINESS_APPROVAL,Product 035,Storage,Lamp
2025-09-16,SKU036,True,2025-09-01,15,300.0,447.0,8.0,119.0,261.0,33.54873085804268,268.38984686434145,266.5998496383441,680.599849638344,647.8853759139788,618.8853759139788,584.7477645248186,550.6101531356585,514.6101531356585,478.61015313565855,266.5998496383441,31.61015313565855,22.266117998944235,155.86282599260966,8.942216063833026,62.59551244683118,38.11443607594161,False,,,False,,False,,0.0,359.61015313565855,10.719038960290467,0.48140582749084143,CRITICAL,OVERSTOCK,OVERSTOCK (CRITICAL): 360 excess units (10.7 weeks of cover above safety buffer). Defer future orders or review promotional clearance.,,,,False,False,Policy_B_LT,8,ENGINEERING_RECOMMENDATION_PENDING_BUSINESS_APPROVAL,Product 036,Furniture,Shelf
2025-09-16,SKU037,True,2025-09-01,15,1077.0,263.0,14.0,239.0,816.0,144.05767138719784,1152.4613710975827,924.8910764121828,1042.8910764121829,892.3836301231203,757.3836301231203,604.4611295127687,451.53862890241714,319.53862890241714,187.53862890241726,924.8910764121828,-75.46137109758274,9.301830212140189,65.11281148498132,7.4761724913992404,52.333207439794684,297.10892358781723,False,,,True,8.0,True,4.0,0.0,0.0,0.0,0.0,HEALTHY,MONITOR,MONITOR: Reorder Point breach projected in week 4. Review replenishment pipeline.,,,,False,False,Policy_B_LT,8,ENGINEERING_RECOMMENDATION_PENDING_BUSINESS_APPROVAL,Product 037,Home Decor,Cabinet
2025-09-16,SKU038,True,2025-09-01,15,132.0,118.0,7.0,73.0,144.0,43.42182853418319,347.37462827346553,207.0510042033411,168.0510042033411,122.06128481247197,77.06128481247197,30.843328269503218,-15.374628273465532,-56.37462827346553,-97.37462827346553,89.05100420334111,-215.37462827346553,5.757472875726346,40.30231013008442,3.0399456783835106,21.279619748684574,42.9489957966589,True,6.0,2025-10-28,True,5.0,True,3.0,0.0,0.0,0.0,0.0,HEALTHY,MONITOR,MONITOR: Reorder Point breach projected in week 3. Review replenishment pipeline.,,,,False,False,Policy_B_LT,8,ENGINEERING_RECOMMENDATION_PENDING_BUSINESS_APPROVAL,Product 038,Kitchen,Rug
2025-09-16,SKU039,True,2025-09-01,15,67.0,150.0,14.0,32.0,107.0,18.169933038925688,145.3594643114055,48.639143324092544,173.63914332409254,151.3897803785359,136.3897803785359,113.0151580335652,89.6405356885945,80.6405356885945,71.6405356885945,48.639143324092544,-78.3594643114055,11.942806808099844,83.5996476566989,3.6874103969709195,25.811872778796438,43.360856675907456,False,,,False,,True,1.0,0.0,39.6405356885945,2.1816555737256738,0.18267527967094238,HIGH,REORDER,REORDER: Projected inventory breaches Reorder Point (107 units) in week 1 (within lead time of 14 days). Place PO now.,,,,False,False,Policy_B_LT,8,ENGINEERING_RECOMMENDATION_PENDING_BUSINESS_APPROVAL,Product 039,Lighting,Organizer
2025-09-16,SKU040,True,2025-09-01,15,32.0,122.0,11.0,29.0,84.0,96.42745906314042,771.4196725051233,-71.64139033959606,-37.64139033959606,-143.6518960158656,-237.6518960158656,-339.5357842604945,-441.41967250512334,-529.4196725051233,-617.4196725051233,-71.64139033959606,-739.4196725051233,1.5970554600962912,11.179388220674038,0.33185568002000854,2.32298976014006,153.92710462531033,True,1.0,2025-09-23,True,1.0,True,1.0,0.14695081782880026,0.0,0.0,0.0,HEALTHY,CRITICAL REORDER,CRITICAL REORDER: Stockout projected in week 1 (within lead time of 11 days). Expedite replenishment immediately.,,,,False,False,Policy_B_LT,8,ENGINEERING_RECOMMENDATION_PENDING_BUSINESS_APPROVAL,Product 040,Storage,Sofa
2025-09-16,SKU041,True,2025-09-01,15,324.0,195.0,3.0,96.0,143.0,70.3431383343625,562.7451066749,451.61228468252193,393.61228468252193,326.66172315908443,254.66172315908443,183.45830824209224,112.25489332510006,34.254893325100056,-43.745106674899944,256.61228468252193,-238.74510667489994,7.378118353676999,51.646828475739,4.6059929606769705,32.24195072473879,28.8804494217763,True,8.0,2025-11-11,True,7.0,True,6.0,0.0,0.0,0.0,0.0,HEALTHY,MONITOR,MONITOR: Reorder Point breach projected in week 6. Review replenishment pipeline.,,,,False,False,Policy_B_LT,8,ENGINEERING_RECOMMENDATION_PENDING_BUSINESS_APPROVAL,Product 041,Furniture,Chair
2025-09-16,SKU042,True,2025-09-01,15,206.0,190.0,13.0,41.0,123.0,138.67389829254637,1109.391186340371,54.250781433066436,110.25078143306644,-40.288158996621064,-165.28815899662106,-304.33967266849606,-443.39118634037106,-578.3911863403711,-713.391186340371,54.250781433066436,-903.391186340371,2.855620306891486,19.989342148240404,1.485499452574864,10.398496168024048,266.60636142407645,True,3.0,2025-10-07,True,3.0,True,1.0,0.0,0.0,0.0,0.0,HEALTHY,REORDER,REORDER: Projected inventory breaches Reorder Point (123 units) in week 1 (within lead time of 13 days). Place PO now.,,,,False,False,Policy_B_LT,8,ENGINEERING_RECOMMENDATION_PENDING_BUSINESS_APPROVAL,Product 042,Home Decor,Table
2025-09-16,SKU043,True,2025-09-01,15,617.0,326.0,12.0,66.0,320.0,131.10650027679392,1048.8520022143514,478.25001804932043,663.2500180493205,525.893450666508,396.893450666508,257.5207242260783,118.14799778564861,6.147997785648613,-105.85200221435139,478.25001804932043,-431.8520022143514,7.192625827164365,50.34838079015056,4.706097704517936,32.94268393162555,239.46426766496526,True,8.0,2025-11-11,True,7.0,True,5.0,0.0,0.0,0.0,0.0,HEALTHY,MONITOR,MONITOR: Reorder Point breach projected in week 5. Review replenishment pipeline.,,,,False,False,Policy_B_LT,8,ENGINEERING_RECOMMENDATION_PENDING_BUSINESS_APPROVAL,Product 043,Kitchen,Cushion
2025-09-16,SKU044,True,2025-09-01,15,87.0,101.0,6.0,35.0,78.0,60.88105227296779,487.04841818374234,128.31869302231232,60.31869302231232,-0.0519582228048705,-46.05195822280487,-108.55018820327359,-171.04841818374234,-235.04841818374234,-299.04841818374234,27.31869302231231,-400.04841818374234,3.0879886759689787,21.61592073178285,1.429016036219687,10.00311225353781,51.15540598087516,True,3.0,2025-10-07,True,3.0,True,2.0,0.0,0.0,0.0,0.0,HEALTHY,MONITOR,MONITOR: Reorder Point breach projected in week 2. Review replenishment pipeline.,,,,False,False,Policy_B_LT,8,ENGINEERING_RECOMMENDATION_PENDING_BUSINESS_APPROVAL,Product 044,Lighting,Cookware
2025-09-16,SKU045,True,2025-09-01,15,104.0,279.0,9.0,82.0,217.0,150.67154230830772,1205.3723384664618,-58.181801967438474,45.818198032561554,-116.05388753872751,-248.0538875387275,-401.2131130025947,-554.3723384664619,-688.3723384664618,-822.3723384664618,-58.181801967438474,-1101.3723384664618,2.5419531394740504,17.793671976318354,0.6902431501443896,4.831702051010727,212.1818019674385,True,1.0,2025-09-23,True,1.0,True,1.0,0.0,0.0,0.0,0.0,HEALTHY,CRITICAL REORDER,CRITICAL REORDER: Stockout projected in week 1 (within lead time of 9 days). Expedite replenishment immediately.,,,,False,False,Policy_B_LT,8,ENGINEERING_RECOMMENDATION_PENDING_BUSINESS_APPROVAL,Product 045,Storage,Lamp
2025-09-16,SKU046,True,2025-09-01,15,323.0,23.0,5.0,62.0,122.0,58.1730551139943,465.3844409119544,287.7977986205163,233.7977986205163,175.07369660025262,120.07369660025262,59.3446278441491,-1.3844409119544139,-60.384440911954414,-119.38444091195441,264.7977986205163,-142.3844409119544,5.947770824860204,41.63439577402143,5.552398775808803,38.86679143066162,41.57300098534551,True,6.0,2025-10-28,True,5.0,True,4.0,0.0,0.0,0.0,0.0,HEALTHY,MONITOR,MONITOR: Reorder Point breach projected in week 4. Review replenishment pipeline.,,,,False,False,Policy_B_LT,8,ENGINEERING_RECOMMENDATION_PENDING_BUSINESS_APPROVAL,Product 046,Furniture,Shelf
2025-09-16,SKU047,True,2025-09-01,15,176.0,21.0,5.0,20.0,49.0,91.88894413618921,735.1115530895137,104.05516443978318,-2.944835560216802,-90.55326451529493,-173.55326451529493,-265.8324088024043,-358.1115530895137,-448.1115530895137,-538.1115530895137,83.05516443978318,-559.1115530895137,2.1438923022994474,15.007246116096132,1.915355559414735,13.407488915903144,66.38916825729773,True,2.0,2025-09-30,True,2.0,True,2.0,0.0,0.0,0.0,0.0,HEALTHY,MONITOR,MONITOR: Reorder Point breach projected in week 2. Review replenishment pipeline.,,,,False,False,Policy_B_LT,8,ENGINEERING_RECOMMENDATION_PENDING_BUSINESS_APPROVAL,Product 047,Home Decor,Cabinet
2025-09-16,SKU048,True,2025-09-01,15,99.0,22.0,5.0,15.0,30.0,53.89215215171555,431.1372172137244,65.6053479413049,18.6053479413049,-40.34962718686893,-88.34962718686893,-145.24342220029666,-202.1372172137244,-256.1372172137244,-310.1372172137244,43.605347941304906,-332.1372172137244,2.245224864269003,15.71657404988302,1.8370021616746388,12.859015131722472,39.56760861335364,True,3.0,2025-10-07,True,3.0,True,2.0,0.0,0.0,0.0,0.0,HEALTHY,MONITOR,MONITOR: Reorder Point breach projected in week 2. Review replenishment pipeline.,,,,False,False,Policy_B_LT,8,ENGINEERING_RECOMMENDATION_PENDING_BUSINESS_APPROVAL,Product 048,Kitchen,Rug
2025-09-16,SKU049,True,2025-09-01,15,349.0,247.0,10.0,136.0,408.0,156.36283964041914,1250.902717123353,186.95987748113907,266.9598774811391,105.32814835516251,-43.67185164483749,-199.2872843840953,-354.9027171233531,-504.9027171233531,-654.9027171233531,186.95987748113907,-901.9027171233531,3.8116473285506673,26.681531299854672,2.231988116886213,15.62391681820349,233.6115510902895,True,4.0,2025-10-14,True,3.0,True,1.0,0.0,0.0,0.0,0.0,HEALTHY,REORDER,REORDER: Projected inventory breaches Reorder Point (408 units) in week 1 (within lead time of 10 days). Place PO now.,,,,False,False,Policy_B_LT,8,ENGINEERING_RECOMMENDATION_PENDING_BUSINESS_APPROVAL,Product 049,Lighting,Organizer
2025-09-16,SKU050,True,2025-09-01,15,405.0,45.0,14.0,113.0,355.0,32.75158173033003,262.01265384264025,373.02831982068983,398.02831982068983,363.2713885157582,325.2713885157582,291.62936733655897,257.98734615735975,222.98734615735972,187.98734615735975,373.02831982068983,142.98734615735975,13.739794422913981,96.17856096039787,12.365814980622583,86.56070486435807,51.9716801793102,False,,,False,,True,4.0,0.0,74.98734615735975,2.2895793789378036,0.166638547016355,HIGH,MONITOR,MONITOR: Reorder Point breach projected in week 4. Review replenishment pipeline.,,,,False,False,Policy_B_LT,8,ENGINEERING_RECOMMENDATION_PENDING_BUSINESS_APPROVAL,Product 050,Storage,Sofa
