model,SKU,Micro_WAPE,MAE,RMSE
LightGBM,SKU001,14.860537192921964,15.223794768748945,19.206422175711094
LightGBM,SKU002,17.725598622505235,12.966767770102093,16.71910485463098
LightGBM,SKU003,18.63462925709993,7.751488142363097,9.67471474886186
LightGBM,SKU004,23.284632256949127,7.379934834771932,9.024291226515004
LightGBM,SKU005,15.717717383767773,18.105937219579157,22.357583080289736
LightGBM,SKU006,22.628256402713532,10.478139839812071,12.824716923453455
LightGBM,SKU007,9.734619410604664,16.91254919545191,20.683420098671345
LightGBM,SKU008,15.957656315720852,18.160699423752316,21.711978782207524
LightGBM,SKU009,18.412958333864207,13.848079080260373,16.2526728275856
LightGBM,SKU010,16.17680888160465,19.1155958284295,24.37908727506628
LightGBM,SKU011,25.10049287542831,4.68891151631265,5.709891301687595
LightGBM,SKU012,10.235016250573539,18.384647940092716,22.70918339655703
LightGBM,SKU013,14.629695210774948,14.603280483311048,17.957005810159885
LightGBM,SKU014,15.38867910605436,23.016761846263805,29.539761876121382
LightGBM,SKU015,27.241045411806414,7.4875040097173455,9.039355012505256
LightGBM,SKU016,16.2153618447859,16.044199691979827,19.42346261298947
LightGBM,SKU017,18.522693406543326,18.111077997509028,21.44785706005077
LightGBM,SKU018,8.598359900499087,15.170134141116655,20.105836180555347
LightGBM,SKU019,14.941588988827053,16.744955770950764,21.24608419989512
LightGBM,SKU020,12.977679576660355,12.7289407181077,15.715321570749968
LightGBM,SKU021,17.075387448787225,10.356696804007473,13.222619087268496
LightGBM,SKU022,16.99350701191166,11.980422443397721,15.014088734668722
LightGBM,SKU023,16.74125157409344,17.606216238754932,21.157000151337538
LightGBM,SKU024,18.166027950703857,16.64210005039481,19.57842553202676
LightGBM,SKU025,25.79337069632675,4.778938404013873,5.845909387680908
LightGBM,SKU026,13.236771815055953,21.118166366603855,26.552276382862324
LightGBM,SKU027,10.528519640868298,17.816594903380462,22.57937134503167
LightGBM,SKU028,16.050942109377722,6.322287753082669,8.303379797171482
LightGBM,SKU029,12.428845733139699,13.778756478044594,17.530100018613577
LightGBM,SKU030,18.312728935405044,6.216154099740267,7.447658114021433
LightGBM,SKU031,14.552519905220684,19.17698734176859,24.318734703557347
LightGBM,SKU032,19.586836201680192,13.049729619369426,15.674471068845387
LightGBM,SKU033,14.683412427811959,18.8518700670408,24.08319931439517
LightGBM,SKU034,17.435605870186656,24.622950067785823,29.63956319211164
LightGBM,SKU035,14.944448766003005,22.360631466131995,27.6826830174042
LightGBM,SKU036,20.07538574760197,6.750348457631162,8.179047320620294
LightGBM,SKU037,9.65670487723889,17.300255029375617,21.42684615039972
LightGBM,SKU038,16.646437450330627,9.333564998192324,11.686118313199543
LightGBM,SKU039,25.025806953180513,5.710750114454942,6.887279182382292
LightGBM,SKU040,15.392722558551911,16.793032735753506,20.14963824275954
LightGBM,SKU041,21.868775998526267,16.945264068858062,19.78800346683235
LightGBM,SKU042,10.662446098647317,17.542685622857796,21.694708856613627
LightGBM,SKU043,13.438642959752512,21.23865531097553,25.756126120959017
LightGBM,SKU044,16.21664850473183,11.07236722906412,13.414020176056837
LightGBM,SKU045,11.717044759042068,20.574805123412343,25.444912578090847
LightGBM,SKU046,17.186863823067462,11.288427641567504,14.390685726744515
LightGBM,SKU047,15.849124632503115,16.61076312178729,20.19644449484242
LightGBM,SKU048,16.929336377465706,10.07765773803028,12.533338636040844
LightGBM,SKU049,8.229369648333575,14.63113345393307,17.684053843949503
LightGBM,SKU050,22.050851341577008,9.968822377337938,11.811819991798007
XGBoost,SKU001,14.556849907897817,14.912684016757542,18.934741095195207
XGBoost,SKU002,17.110388940304535,12.516724798414442,16.087315675431608
XGBoost,SKU003,20.704275013409394,8.612403286827934,10.35161492158698
XGBoost,SKU004,23.649030814141582,7.495428933037652,9.028708951209428
XGBoost,SKU005,15.227417753839138,17.541139284769695,21.502279268887538
XGBoost,SKU006,22.963145141052355,10.633211930592855,12.910697972154349
XGBoost,SKU007,9.259405981599498,16.086931864420574,20.398803533354883
XGBoost,SKU008,15.316295833275728,17.43079556359185,20.943295616563912
XGBoost,SKU009,18.831781896307636,14.16306930118137,16.319624619269035
XGBoost,SKU010,15.304471631536586,18.0847839779324,22.269580238230734
XGBoost,SKU011,25.893775344338117,4.8371010886298285,5.922176971092183
XGBoost,SKU012,9.932129146936072,17.840586980183918,22.060492240470246
XGBoost,SKU013,14.963640621976692,14.936622937520346,18.00894254961429
XGBoost,SKU014,14.018452981131821,20.967322243584526,25.88090092447138
XGBoost,SKU015,24.497345687765975,6.7333676550123425,8.315693519609626
XGBoost,SKU016,16.524397450039586,16.349973254733616,19.610659767684492
XGBoost,SKU017,18.731764554977417,18.315503120422363,21.80630133828864
XGBoost,SKU018,7.8246498543343606,13.80507320827908,18.72608691079877
XGBoost,SKU019,14.88585614525765,16.682496282789444,21.041579364680615
XGBoost,SKU020,13.487059129462706,13.22855716281467,16.153513446774912
XGBoost,SKU021,18.462315046844587,11.197906917995876,14.262602659104274
XGBoost,SKU022,17.821325027069022,12.564034144083658,15.308667076844168
XGBoost,SKU023,16.904846852378625,17.77826393975152,21.294544619711115
XGBoost,SKU024,18.445878176345037,16.89847395155165,19.862486411088476
XGBoost,SKU025,26.07910908322999,4.831879377365112,5.960271121867102
XGBoost,SKU026,12.152242075216991,19.38788954416911,24.421943919710284
XGBoost,SKU027,10.099226412456911,17.090135362413193,21.815147337317857
XGBoost,SKU028,16.16426126240675,6.366922908359104,8.384232031839018
XGBoost,SKU029,11.388339484971558,12.625239690144857,16.154518993577305
XGBoost,SKU030,18.63497415658105,6.325538449817234,7.456782791544245
XGBoost,SKU031,12.828325139732424,16.904881795247395,21.940533795605333
XGBoost,SKU032,21.09651396566315,14.055552429623074,16.701711196508043
XGBoost,SKU033,13.784433824579626,17.697681427001953,22.6360796591836
XGBoost,SKU034,15.595957728280126,22.024958080715603,26.588614993172538
XGBoost,SKU035,13.070696557474415,19.557029724121094,25.103170991691897
XGBoost,SKU036,22.68439674613792,7.627628405888875,8.912156287741013
XGBoost,SKU037,9.514711431610797,17.045869827270508,20.906326033975397
XGBoost,SKU038,15.58029934531366,8.735787285698784,10.837339396202989
XGBoost,SKU039,25.404575577757377,5.797183010313246,7.117562004272457
XGBoost,SKU040,15.530514489458595,16.943359904819065,20.023145499684624
XGBoost,SKU041,23.199504189731442,17.976393593682182,20.984014475765065
XGBoost,SKU042,9.802615133347029,16.128024843004013,20.114558735281836
XGBoost,SKU043,12.180825798422875,19.25078010559082,23.327992872427714
XGBoost,SKU044,17.646574838264286,12.048689153459337,14.634690238262612
XGBoost,SKU045,11.436729609169538,20.08257950676812,24.24299247554224
XGBoost,SKU046,17.070558595969928,11.212037722269693,13.876615019910812
XGBoost,SKU047,15.058676191138362,15.782329241434732,19.00364337975506
XGBoost,SKU048,17.29291407682603,10.294087462955051,12.812774234185826
XGBoost,SKU049,8.165981571950557,14.518434736463758,17.40329324240365
XGBoost,SKU050,23.44979504469536,10.60126150978936,12.311631553533893
Random Forest,SKU001,16.87785470879371,17.29042449056422,21.49202672497828
Random Forest,SKU002,17.562795989427773,12.847673121710567,16.438809211369954
Random Forest,SKU003,18.031709152557536,7.500690126654143,9.379489560221586
Random Forest,SKU004,23.203357963310598,7.354175398927053,8.783505721439358
Random Forest,SKU005,17.21571851324289,19.831551298449522,23.951035321857937
Random Forest,SKU006,21.769288314003767,10.080389894290079,12.53673846878822
Random Forest,SKU007,11.539939151191138,20.049041505868047,24.810697836770093
Random Forest,SKU008,17.908600913811647,20.38098276219064,24.001433923082264
Random Forest,SKU009,18.932162379615804,14.238563789669387,16.74563171459727
Random Forest,SKU010,18.045692699576747,21.323993539999858,26.606379563711137
Random Forest,SKU011,25.49912535626291,4.763378278357446,5.768546950191341
Random Forest,SKU012,11.692633960424814,21.002893751413072,25.566622471110175
Random Forest,SKU013,16.57571037220345,16.545782006253635,20.36902466362059
Random Forest,SKU014,16.933143979691497,25.326809377402462,31.348498616338098
Random Forest,SKU015,24.330008953421263,6.6873732942806505,8.077439601954408
Random Forest,SKU016,18.763698071906393,18.565636814480715,22.070147646716997
Random Forest,SKU017,20.469828426607776,20.014943350460936,23.60569664923793
Random Forest,SKU018,9.71044762130377,17.13219668519747,22.51052534319224
Random Forest,SKU019,17.04871453021773,19.106399658934283,23.70450578447678
Random Forest,SKU020,15.234350106359273,14.942358395987387,18.45364556968582
Random Forest,SKU021,17.649719749041072,10.70504529778644,13.481857993021679
Random Forest,SKU022,18.21037443286969,12.83831397517313,15.855221977805414
Random Forest,SKU023,19.13392390827935,20.122509976873783,24.254778937948547
Random Forest,SKU024,21.131967185669318,19.359229938427056,23.01805921762001
Random Forest,SKU025,23.199251799757796,4.298305819566236,5.357838555744073
Random Forest,SKU026,14.272868332288107,22.77117201847132,27.8873617755403
Random Forest,SKU027,12.108517015936442,20.490301572523556,24.93735875857611
Random Forest,SKU028,16.66472209105464,6.5640488680876325,8.525367943723825
Random Forest,SKU029,13.58790546424983,15.063702974394744,19.296691971834097
Random Forest,SKU030,17.11216308441118,5.808628691430684,6.837481967546352
Random Forest,SKU031,15.852631297609518,20.89024524329432,25.660696104224417
Random Forest,SKU032,20.68782924039295,13.783266231411803,16.342321273717385
Random Forest,SKU033,16.440740207459523,21.108083677466087,25.800587938025142
Random Forest,SKU034,18.355511852097298,25.922061737795183,30.993791584669022
Random Forest,SKU035,15.089714014546823,22.577984594265686,28.18327876487661
Random Forest,SKU036,21.449636956365076,7.212440426577757,8.493607138374545
Random Forest,SKU037,10.942166134041189,19.603194578194067,24.359154822532687
Random Forest,SKU038,16.69381090745462,9.360127032415875,11.437896529755646
Random Forest,SKU039,24.51091493716265,5.5932546169108655,7.000821311687262
Random Forest,SKU040,17.84897278633394,19.47273350509071,22.843569278575945
Random Forest,SKU041,22.845179398691087,17.70184109240244,21.061053659979013
Random Forest,SKU042,12.00921792943992,19.758499387797958,23.919871287891713
Random Forest,SKU043,14.201115748635711,22.443680014406358,27.181276641688594
Random Forest,SKU044,17.412004567985942,11.888529785585957,14.336250344754887
Random Forest,SKU045,12.557517311434355,22.050651578953406,27.36822165839174
Random Forest,SKU046,16.78591092647026,11.025079551566371,14.020333074004586
Random Forest,SKU047,17.39862047356483,18.23472084632225,21.959073239506484
Random Forest,SKU048,17.33469156147898,10.318956671180404,12.81008348459925
Random Forest,SKU049,9.726318934626358,17.29258453918778,21.13961642206405
Random Forest,SKU050,21.93333822703706,9.915696656806338,11.648544833836185
Seasonal Naive 52w,SKU001,10.832429501084599,11.097222222222221,14.316365926216518
Seasonal Naive 52w,SKU002,14.980064552876401,10.958333333333334,13.561075834084026
Seasonal Naive 52w,SKU003,15.993322203672788,6.652777777777778,8.150494190879199
Seasonal Naive 52w,SKU004,22.304995617879054,7.069444444444445,8.935727291173462
Seasonal Naive 52w,SKU005,9.87460815047022,11.375,13.501543121683042
Seasonal Naive 52w,SKU006,19.52609478104379,9.041666666666666,11.489729713482772
Seasonal Naive 52w,SKU007,7.770405308178112,13.5,17.480147469502526
Seasonal Naive 52w,SKU008,11.130095191603612,12.666666666666666,15.679958900172894
Seasonal Naive 52w,SKU009,14.035087719298245,10.555555555555555,13.281147875424356
Seasonal Naive 52w,SKU010,11.530324400564176,13.625,16.196278722115288
Seasonal Naive 52w,SKU011,29.962825278810406,5.597222222222222,7.161820066621798
Seasonal Naive 52w,SKU012,8.149694579757211,14.63888888888889,18.30831626459529
Seasonal Naive 52w,SKU013,10.81118686517323,10.791666666666666,14.062854933792387
Seasonal Naive 52w,SKU014,7.790881233169282,11.652777777777779,15.108404577879455
Seasonal Naive 52w,SKU015,19.252147549267306,5.291666666666667,6.404208685613616
Seasonal Naive 52w,SKU016,11.692869174621,11.569444444444445,14.505267242549438
Seasonal Naive 52w,SKU017,11.761363636363637,11.5,13.914420976494535
Seasonal Naive 52w,SKU018,6.1009210422734785,10.76388888888889,13.645817430016178
Seasonal Naive 52w,SKU019,12.752509604659808,14.291666666666666,16.727804531511136
Seasonal Naive 52w,SKU020,13.693004814500142,13.430555555555555,16.748548859196397
Seasonal Naive 52w,SKU021,15.548431417449049,9.430555555555555,11.268811432937865
Seasonal Naive 52w,SKU022,12.76595744680851,9.0,10.927793311857004
Seasonal Naive 52w,SKU023,11.278394083465399,11.86111111111111,14.494251734164594
Seasonal Naive 52w,SKU024,11.461491813220134,10.5,13.210896176178881
Seasonal Naive 52w,SKU025,25.56221889055472,4.736111111111111,5.989574275355469
Seasonal Naive 52w,SKU026,8.635849220858361,13.777777777777779,19.807406022327438
Seasonal Naive 52w,SKU027,8.626066973079448,14.597222222222221,18.934462994468287
Seasonal Naive 52w,SKU028,21.1212976022567,8.319444444444445,9.981232388838565
Seasonal Naive 52w,SKU029,9.99749436231521,11.083333333333334,14.393285471589406
Seasonal Naive 52w,SKU030,17.5531914893617,5.958333333333333,7.190850668268208
Seasonal Naive 52w,SKU031,7.240725126475549,9.541666666666666,12.267278064473436
Seasonal Naive 52w,SKU032,16.197623514696684,10.791666666666666,13.593809865768561
Seasonal Naive 52w,SKU033,7.053223712678494,9.055555555555555,12.774758097296576
Seasonal Naive 52w,SKU034,12.401652242328876,17.51388888888889,21.7642035359798
Seasonal Naive 52w,SKU035,9.096816114359974,13.61111111111111,17.249798710580816
Seasonal Naive 52w,SKU036,23.58529533250723,7.930555555555555,9.863653819283535
Seasonal Naive 52w,SKU037,7.985115125203504,14.305555555555555,18.30907485981261
Seasonal Naive 52w,SKU038,12.880852117909338,7.222222222222222,9.128709291752768
Seasonal Naive 52w,SKU039,23.493609251369445,5.361111111111111,7.156970184527963
Seasonal Naive 52w,SKU040,9.293443666454488,10.13888888888889,12.421978729476056
Seasonal Naive 52w,SKU041,11.256497580211509,8.722222222222221,10.94684124911535
Seasonal Naive 52w,SKU042,8.104001350666893,13.333333333333334,17.519037264263886
Seasonal Naive 52w,SKU043,8.744177871517708,13.819444444444445,16.583542712246047
Seasonal Naive 52w,SKU044,13.771358828315705,9.402777777777779,11.447343214329981
Seasonal Naive 52w,SKU045,9.475599145772366,16.63888888888889,19.497150788997065
Seasonal Naive 52w,SKU046,9.304292662296469,6.111111111111111,8.219218670625303
Seasonal Naive 52w,SKU047,9.48847071296051,9.944444444444445,12.213380640374174
Seasonal Naive 52w,SKU048,15.37564162389174,9.152777777777779,11.755022567207412
Seasonal Naive 52w,SKU049,5.616748691508476,9.98611111111111,11.835093765764784
Seasonal Naive 52w,SKU050,17.142857142857142,7.75,10.302372973683728
