SKU,Product_Name,Category,Subcategory,Price,Cost_Price,negative_margin_flag,Total_Units_Sold,Mean_Daily_Demand,Median_Daily_Demand,Std_Daily_Demand,Min_Daily_Demand,Max_Daily_Demand,Zero_Demand_Days,Zero_Demand_Pct,CV,ADI,CV2,Intermittency_Class,Total_Revenue,Volume_Rank,Revenue_Rank,Variability_Rank
SKU012,Product 012,Home Decor,Table,8779.37,1256.89,False,19067,26.083,26.0,7.0,6,53,0,0.0,0.268,1.0,0.072,Smooth,167396247.79,1,3,44
SKU045,Product 045,Storage,Lamp,7676.78,3634.56,False,18612,25.461,25.0,7.036,9,56,0,0.0,0.276,1.0,0.0764,Smooth,142880229.36,2,6,42
SKU018,Product 018,Kitchen,Rug,5575.41,5677.05,True,18450,25.239,24.0,6.532,11,51,0,0.0,0.259,1.0,0.067,Smooth,102866314.5,3,12,48
SKU049,Product 049,Lighting,Organizer,5223.37,2063.03,False,18373,25.134,25.0,6.294,9,46,0,0.0,0.25,1.0,0.0627,Smooth,95968977.01,4,13,50
SKU037,Product 037,Home Decor,Cabinet,2747.42,3901.0,True,18155,24.836,24.0,6.433,9,50,0,0.0,0.259,1.0,0.0671,Smooth,49879410.1,5,20,48
SKU007,Product 007,Home Decor,Cabinet,5114.09,7748.2,True,18129,24.8,24.0,6.53,9,49,0,0.0,0.263,1.0,0.0693,Smooth,92713337.61,6,14,46
SKU027,Product 027,Home Decor,Cabinet,8516.6,307.06,False,17717,24.237,24.0,6.322,10,47,0,0.0,0.261,1.0,0.068,Smooth,150888602.2,7,5,47
SKU042,Product 042,Home Decor,Table,9198.83,4583.86,False,16616,22.731,22.0,6.094,7,47,0,0.0,0.268,1.0,0.0719,Smooth,152847759.28,8,4,44
SKU026,Product 026,Furniture,Shelf,10939.54,1799.29,False,16535,22.62,22.0,6.433,7,50,0,0.0,0.284,1.0,0.0809,Smooth,180885293.9,9,1,38
SKU043,Product 043,Kitchen,Cushion,8745.77,2605.61,False,16276,22.265,22.0,6.172,8,49,0,0.0,0.277,1.0,0.0769,Smooth,142346152.52,10,7,41
SKU014,Product 014,Lighting,Cookware,2270.75,2008.55,False,15784,21.592,21.0,5.97,8,45,0,0.0,0.276,1.0,0.0764,Smooth,35841518.0,11,29,42
SKU035,Product 035,Storage,Lamp,10870.19,1137.61,False,15562,21.289,20.0,5.971,8,45,0,0.0,0.28,1.0,0.0787,Smooth,169161896.78,12,2,40
SKU034,Product 034,Lighting,Cookware,1518.14,1333.43,False,14731,20.152,19.0,6.004,5,43,0,0.0,0.298,1.0,0.0888,Smooth,22363720.34,13,37,35
SKU031,Product 031,Furniture,Chair,8715.93,6300.65,False,13721,18.77,18.0,5.313,5,40,0,0.0,0.283,1.0,0.0801,Smooth,119591275.53,14,9,39
SKU033,Product 033,Kitchen,Cushion,3558.0,4657.74,True,13224,18.09,18.0,5.615,5,40,0,0.0,0.31,1.0,0.0964,Smooth,47050992.0,15,23,29
SKU010,Product 010,Storage,Sofa,663.46,3889.06,True,12461,17.047,17.0,5.249,4,37,0,0.0,0.308,1.0,0.0948,Smooth,8267375.06,16,48,31
SKU005,Product 005,Storage,Lamp,9493.22,5543.63,False,12196,16.684,16.0,4.806,5,38,0,0.0,0.288,1.0,0.083,Smooth,115779311.12,17,11,37
SKU008,Product 008,Kitchen,Rug,9842.64,2775.15,False,11944,16.339,16.0,4.922,4,35,0,0.0,0.301,1.0,0.0907,Smooth,117560492.16,18,10,34
SKU019,Product 019,Lighting,Organizer,4819.85,2670.84,False,11803,16.146,16.0,5.084,3,38,0,0.0,0.315,1.0,0.0992,Smooth,56888689.55,19,19,26
SKU029,Product 029,Lighting,Organizer,11642.45,5402.59,False,11530,15.773,16.0,4.667,3,35,0,0.0,0.296,1.0,0.0876,Smooth,134237448.5,20,8,36
SKU040,Product 040,Storage,Sofa,2450.56,5169.07,True,11398,15.592,15.0,4.717,5,34,0,0.0,0.303,1.0,0.0915,Smooth,27931482.88,21,34,33
SKU047,Product 047,Home Decor,Cabinet,7938.22,3416.1,False,10858,14.854,15.0,4.603,2,34,0,0.0,0.31,1.0,0.096,Smooth,86193192.76,22,16,29
SKU023,Product 023,Kitchen,Cushion,1416.74,2484.54,True,10830,14.815,15.0,4.606,1,30,0,0.0,0.311,1.0,0.0967,Smooth,15343294.2,23,45,28
SKU001,Product 001,Furniture,Chair,3664.05,1758.45,False,10502,14.367,14.0,4.749,2,31,0,0.0,0.331,1.0,0.1093,Smooth,38479853.1,24,27,23
SKU017,Product 017,Home Decor,Cabinet,8477.32,6703.26,False,10374,14.192,14.0,4.475,4,32,0,0.0,0.315,1.0,0.0994,Smooth,87943717.68,25,15,26
SKU013,Product 013,Kitchen,Cushion,5757.78,3936.71,False,10289,14.075,14.0,4.523,4,32,0,0.0,0.321,1.0,0.1032,Smooth,59241798.42,26,18,24
SKU016,Product 016,Furniture,Shelf,2166.82,3637.93,True,10143,13.876,14.0,4.41,4,34,0,0.0,0.318,1.0,0.101,Smooth,21978055.26,27,39,25
SKU020,Product 020,Storage,Sofa,3897.54,6700.01,True,10138,13.869,14.0,4.251,3,28,0,0.0,0.307,1.0,0.094,Smooth,39513260.52,28,24,32
SKU024,Product 024,Lighting,Cookware,1768.87,5539.34,True,9555,13.071,13.0,4.536,3,34,0,0.0,0.347,1.0,0.1204,Smooth,16901552.85,29,43,22
SKU041,Product 041,Furniture,Chair,10336.73,4540.24,False,8153,11.153,11.0,3.949,1,28,0,0.0,0.354,1.0,0.1254,Smooth,84275359.69,30,17,21
SKU009,Product 009,Lighting,Organizer,2336.89,3121.06,True,7830,10.711,10.0,3.805,1,27,0,0.0,0.355,1.0,0.1262,Smooth,18297848.7,31,42,20
SKU022,Product 022,Home Decor,Table,4597.03,3252.96,False,7421,10.152,10.0,3.778,1,26,0,0.0,0.372,1.0,0.1385,Smooth,34114559.63,32,30,15
SKU002,Product 002,Home Decor,Table,3805.69,3867.09,True,7412,10.14,10.0,3.707,1,23,0,0.0,0.366,1.0,0.1337,Smooth,28207774.28,33,33,18
SKU044,Product 044,Lighting,Cookware,5412.28,488.84,False,7145,9.774,9.0,3.528,2,25,0,0.0,0.361,1.0,0.1302,Smooth,38670740.6,34,26,19
SKU032,Product 032,Home Decor,Table,5612.59,3806.6,False,6821,9.331,9.0,3.522,0,24,1,0.14,0.377,1.001,0.1409,Smooth,38283476.39,35,28,14
SKU046,Product 046,Furniture,Shelf,7175.54,1913.03,False,6761,9.249,9.0,3.41,1,23,0,0.0,0.369,1.0,0.1359,Smooth,48513825.94,36,21,16
SKU021,Product 021,Furniture,Chair,7711.28,6486.92,False,6238,8.534,8.0,3.148,1,19,0,0.0,0.369,1.0,0.1361,Smooth,48102964.64,37,22,16
SKU048,Product 048,Kitchen,Rug,1379.55,6863.87,True,6175,8.447,8.0,3.408,0,21,1,0.14,0.403,1.001,0.1612,Smooth,8518721.25,38,47,13
SKU038,Product 038,Kitchen,Rug,3949.1,4630.58,True,5641,7.717,7.0,3.144,0,19,1,0.14,0.407,1.001,0.1644,Smooth,22276873.1,39,38,12
SKU006,Product 006,Furniture,Shelf,8106.04,6021.91,False,4786,6.547,6.0,2.809,1,21,0,0.0,0.429,1.0,0.1841,Smooth,38795507.44,40,25,11
SKU050,Product 050,Storage,Sofa,882.72,701.85,False,4537,6.207,6.0,2.807,0,15,1,0.14,0.452,1.001,0.2028,Smooth,4004900.64,41,49,10
SKU003,Product 003,Kitchen,Cushion,8078.23,589.48,False,4214,5.765,6.0,2.762,0,17,4,0.55,0.479,1.006,0.2228,Smooth,34041661.22,42,31,7
SKU028,Product 028,Kitchen,Rug,3484.09,6348.66,True,4101,5.61,5.0,2.541,0,14,2,0.27,0.453,1.003,0.2019,Smooth,14288253.09,43,46,9
SKU036,Product 036,Furniture,Shelf,5687.0,5430.12,False,3508,4.799,5.0,2.338,0,15,8,1.09,0.487,1.011,0.2239,Smooth,19949996.0,44,40,6
SKU030,Product 030,Storage,Sofa,9433.51,5715.03,False,3493,4.778,5.0,2.28,0,14,7,0.96,0.477,1.01,0.2159,Smooth,32951250.43,45,32,8
SKU004,Product 004,Lighting,Cookware,6861.57,1445.74,False,3380,4.624,5.0,2.364,0,16,13,1.78,0.511,1.018,0.2389,Smooth,23192106.6,46,35,5
SKU015,Product 015,Storage,Lamp,6212.12,5441.06,False,2994,4.096,4.0,2.196,0,12,15,2.05,0.536,1.021,0.2611,Smooth,18599087.28,47,41,4
SKU039,Product 039,Lighting,Organizer,7118.95,6178.74,False,2300,3.146,3.0,1.829,0,9,36,4.92,0.581,1.052,0.2721,Smooth,16373585.0,48,44,3
SKU025,Product 025,Storage,Lamp,11558.01,1333.08,False,1976,2.703,2.0,1.696,0,11,58,7.93,0.628,1.086,0.2831,Smooth,22838627.76,49,36,2
SKU011,Product 011,Furniture,Chair,1444.56,1718.4,True,1951,2.669,2.0,1.737,0,9,55,7.52,0.651,1.081,0.3163,Smooth,2818336.56,50,50,1
